t,connectedPlugins,allowedPlugins,uptimeMs,framerate,MouthOpen,FaceAngleX,FaceAngleY,EyeOpenLeft,EyeLeftX,error
0.0000,2,1,8509036,59,0.196429,6.25427,-11.2995,0,-0.126157,
0.2970,2,1,8509036,59,0.247309,6.0992,-11.3931,0,-0.135151,
0.5780,2,1,8509036,59,0.271481,6.17249,-11.0863,0,-0.159634,
0.8590,2,1,8509036,59,0.238623,6.37218,-10.8638,0.37651,-0.183187,
1.1560,2,1,8510186,59,0.233891,6.40243,-11.022,0.502988,-0.184373,
1.4530,2,1,8510186,59,0.169124,6.47736,-11.008,0.500214,-0.184305,
1.7340,2,1,8510186,59,0.165635,6.42285,-11.1347,0.472803,-0.178015,
2.0310,2,1,8510186,59,0.218564,6.44979,-11.2152,0.464094,-0.172059,
2.3130,2,1,8511353,59,0.19484,6.27632,-11.4038,0.469929,-0.166127,
2.6250,2,1,8511353,59,0.20489,6.21734,-11.448,0.488726,-0.151811,
2.9060,2,1,8511353,59,0.160984,6.09492,-11.5716,0.411535,-0.131645,
3.1880,2,1,8511353,59,0.0857504,6.24892,-11.411,0,-0.096408,
3.4690,2,1,8512504,59,0.0839955,6.13122,-11.736,0,-0.103954,
3.7660,2,1,8512504,59,0.0770977,6.18811,-11.8664,0,-0.0896293,
4.0470,2,1,8512504,59,0.116952,6.28658,-12.1107,0,-0.0984266,
4.3280,2,1,8512504,59,0.0999607,6.4008,-12.16,0.0635339,-0.0964198,
4.6090,2,1,8513654,59,0.0832439,6.5709,-12.2149,0.0825665,-0.0702425,
4.9220,2,1,8513654,59,0.115289,6.21509,-12.4905,0.0944164,-0.0819532,
5.2030,2,1,8513654,59,0.106661,6.06918,-12.4376,0,-0.0977085,
5.4840,2,1,8513654,59,0.10908,5.92648,-12.2411,0,-0.0877118,
5.7660,2,1,8514788,59,0.114443,5.88427,-12.2781,0,-0.0742953,
6.0470,2,1,8514788,59,0.171877,5.43426,-12.3316,0,-0.0748239,
6.3280,2,1,8514788,59,0.172838,5.19508,-12.3886,0.290045,-0.107176,
6.6250,2,1,8514788,59,0.157544,4.83204,-12.2864,0.576629,-0.125894,
6.9060,2,1,8515924,59,0.1585,4.77013,-12.4203,0.595465,-0.135777,
7.1880,2,1,8515924,59,0.176973,4.82241,-12.9041,0.457975,-0.101238,
7.4690,2,1,8515924,59,0.142005,4.63941,-12.9051,0.47232,-0.119194,
7.7500,2,1,8515924,59,0.140912,4.4708,-12.8368,0.481136,-0.113167,
8.0470,2,1,8517075,59,0.166958,4.39119,-12.7373,0.466835,-0.122888,
8.3440,2,1,8517075,59,0.145994,4.17927,-12.7758,0.415309,-0.129176,
8.6250,2,1,8517075,59,0.129266,4.28783,-13.0961,0.441339,-0.119202,
8.9060,2,1,8517075,59,0.107747,4.15196,-13.0833,0.420226,-0.121134,
9.1880,2,1,8518225,59,0.101576,4.23646,-13.0965,0.238256,-0.0968511,
9.4840,2,1,8518225,59,0.100127,4.41211,-13.0797,0.313632,-0.109942,
9.7660,2,1,8518225,59,0.134029,4.41079,-13.4666,0.3549,-0.108092,
10.0630,2,1,8518225,59,0.1235,4.3386,-13.5128,0.353422,-0.112944,
10.3440,2,1,8519375,59,0.137271,4.26273,-13.6405,0.377767,-0.118006,
10.6410,2,1,8519375,59,0.0989275,4.24501,-13.4634,0.397737,-0.0942083,
10.9220,2,1,8519375,59,0.109918,4.41466,-13.6264,0.38904,-0.101095,
11.2030,2,1,8519375,59,0.101428,4.13376,-13.7572,0.390769,-0.116392,
11.4840,2,1,8520526,59,0.134268,4.07208,-13.7051,0.416587,-0.126437,
11.7970,2,1,8520526,59,0.0944293,3.90163,-13.8408,0.439737,-0.146455,
12.0780,2,1,8520526,59,0.0845044,3.645,-13.7783,0.408734,-0.125631,
12.3590,2,1,8520526,59,0.133987,3.37654,-13.8515,0.359852,-0.134138,
12.6410,2,1,8521676,59,0.112357,2.91289,-13.6655,0.374189,-0.112398,
12.9380,2,1,8521676,59,0.112991,2.46497,-13.7084,0.386319,-0.115908,
13.2190,2,1,8521676,59,0.0997223,2.36124,-13.8709,0.415875,-0.110112,
13.5000,2,1,8521676,59,0.0936862,2.27782,-13.8254,0.417256,-0.113787,
13.7970,2,1,8522826,59,0.105487,2.24576,-13.7492,0.454918,-0.125703,
14.0940,2,1,8522826,59,0.126651,2.28401,-13.6927,0.493561,-0.139166,
14.3750,2,1,8522826,59,0.114566,2.15145,-13.4412,0.263786,-0.120703,
14.6560,2,1,8522826,59,0.109285,2.06399,-13.3241,0.396355,-0.0991583,
14.9380,2,1,8523976,59,0.0992179,2.25011,-13.5474,0.448742,-0.118169,
15.2340,2,1,8523976,59,0.120093,2.14007,-13.8274,0.460433,-0.141867,
15.5160,2,1,8523976,59,0.113508,2.08086,-13.8265,0.475758,-0.134758,
15.8130,2,1,8523976,59,0.124446,1.95044,-13.8544,0.41785,-0.149116,
16.0940,2,1,8525127,59,0.219192,0.910659,-11.5705,0.713709,-0.0197046,
16.3910,2,1,8525127,59,0.250936,-0.426055,-10.2328,0.882839,0.00997783,
16.6720,2,1,8525127,59,0.245602,-0.592944,-9.67207,0.921988,-0.00926231,
16.9530,2,1,8525127,59,0.251927,-0.475571,-9.7855,0.923458,-0.0173978,
17.2340,2,1,8526277,59,0.249749,-0.420289,-9.98085,0.889408,0.0596838,
17.5470,2,1,8526277,59,0.235663,-0.329038,-10.2039,0.911062,0.0401186,
17.8130,2,1,8526277,59,0.223244,-0.432221,-10.1018,0.925587,-0.0191146,
18.0940,2,1,8526277,59,0.2241,-0.302099,-10.2203,0.926121,-0.0291782,
18.3750,2,1,8527412,59,0.213579,-0.181903,-10.5244,0.930705,-0.00390778,
18.6720,2,1,8527412,59,0.223934,-0.0592271,-11.1265,0.932527,-0.00815501,
18.9530,2,1,8527412,59,0.220954,0.0789303,-11.3195,0.943101,-0.00781789,
19.2340,2,1,8527412,59,0.209185,0.0580956,-11.4621,0.953309,-0.0360458,
19.5310,2,1,8528560,59,0.241706,-0.0177885,-11.1246,0.948701,-0.0307786,
19.8280,2,1,8528560,59,0.200796,0.0495895,-11.1407,0.951737,-0.0310661,
20.1090,2,1,8528560,59,0.213845,-0.156783,-10.6955,0.254121,-0.0621869,
20.3910,2,1,8528560,59,0.195296,0.0451664,-10.5692,0.710571,-0.0927768,
20.6720,2,1,8529712,59,0.200932,0.0503737,-11.1313,0.920971,-0.0256051,
20.9690,2,1,8529712,59,0.238894,0.076172,-11.1223,0.933594,0.00348372,
21.2660,2,1,8529712,59,0.243639,-0.0478403,-11.3108,0.941745,-0.0523469,
21.5470,2,1,8529712,59,0.242013,-0.305659,-10.8997,0.938227,-0.0889132,
21.8280,2,1,8530861,58,0.256342,-0.607382,-10.6676,0.940547,-0.0941968,
22.1250,2,1,8530861,58,0.233772,-0.704529,-10.7693,0.953231,-0.112389,
22.4060,2,1,8530861,58,0.21712,-0.734112,-11.0068,0.959422,-0.131301,
22.6880,2,1,8530861,58,0.29785,-0.810924,-11.1347,0.956704,-0.146929,
22.9690,2,1,8532012,58,0.252145,-0.924182,-10.8538,0.966671,-0.146127,
23.2810,2,1,8532012,58,0.226601,-1.03277,-10.6643,0.941557,-0.0351877,
23.5630,2,1,8532012,58,0.215988,-0.830874,-10.4854,0.93399,0.0252458,
23.8440,2,1,8532012,58,0.212423,-0.830202,-10.6304,0.947616,0.0290618,
24.1250,2,1,8533146,58,0.201444,-0.871584,-10.5903,0.956598,0.0230942,
24.4060,2,1,8533146,58,0.208182,-0.91589,-10.224,0.96082,0.00985921,
24.6880,2,1,8533146,58,0.192493,-0.793834,-10.3242,0.957466,0.0205427,
24.9690,2,1,8533146,58,0.123875,-0.911678,-9.64551,0.14565,-0.041111,
25.2660,2,1,8534295,58,0.1613,-0.923914,-9.93794,0.804986,-0.0189724,
25.5630,2,1,8534295,58,0.168905,-0.888049,-9.96679,0.930569,-0.0383659,
25.8440,2,1,8534295,58,0.19171,-1.04791,-8.7659,0.951438,-0.0402004,
26.1250,2,1,8534295,58,0.16456,-0.786085,-6.7126,0.938565,-0.0318678,
26.4060,2,1,8535445,58,0.268635,-0.767108,-3.87951,0.931057,-0.0311544,
26.7030,2,1,8535445,58,0.0476282,-0.934375,1.47004,0,0.0631971,
27.0000,2,1,8535445,58,0.134681,-2.52593,-0.0844979,0.765812,0.0327372,
27.2810,2,1,8535445,58,0.0732237,-2.24555,-0.358817,0.958608,0.0121334,
27.5630,2,1,8536595,58,0.0403558,-3.33074,-1.87341,0.997542,-0.00103469,
27.8590,2,1,8536595,58,0.0654174,-3.10061,-0.949642,0.990964,-0.0714918,
28.1410,2,1,8536595,58,0.0503877,-2.9633,-1.12225,0.996339,-0.0599728,
28.4220,2,1,8536595,58,0.0115714,-3.50932,-0.976877,1,-0.0885843,
28.7030,2,1,8537748,58,0.00506349,-3.44594,0.337895,0.888215,-0.143298,
29.0160,2,1,8537748,58,0.00900707,2.75712,2.53625,0.818623,-0.0753383,
29.2970,2,1,8537748,58,0.12079,5.90658,4.98431,0.861625,-0.0351224,
29.5780,2,1,8537748,58,0.0615421,7.83296,4.33367,0.81833,-0.00143126,
29.8590,2,1,8538896,58,0.0395861,9.64175,4.353,0.242883,0.0413814,
30.1560,2,1,8538896,58,0.0803251,14.0778,5.91081,0.755958,0.0956533,
30.4380,2,1,8538896,58,0.0387336,15.9381,10.7803,0.427641,0.0180129,
30.7340,2,1,8538896,58,0.0154688,16.192,12.0056,0.773409,-0.0197107,
31.0160,2,1,8540046,58,0.0182282,16.925,11.5008,0.843826,-0.0410584,
31.3130,2,1,8540046,58,0.0223433,5.6444,16.1949,0.588427,0.00799137,
31.5940,2,1,8540046,58,0.0270294,4.05066,14.056,0.873902,-0.0234811,
31.8750,2,1,8540046,58,0.0209126,4.94371,9.54373,0.912914,-0.0391336,
32.1560,2,1,8541196,58,0.0349426,6.15285,7.11267,0.920633,-0.0784793,
32.4530,2,1,8541196,58,0.0387123,7.07483,5.95796,0.804712,-0.106332,
32.7500,2,1,8541196,58,0.0752613,6.16511,5.39665,0.887469,-0.0472484,
33.0310,2,1,8541196,58,0.0523263,5.53959,2.03604,0.883832,0.00214883,
33.3130,2,1,8542347,58,0.0304926,5.68171,0.183783,0.926165,0.0379272,
33.6090,2,1,8542347,58,0.0287845,6.00906,-0.880106,0.938158,0.0585304,
33.8910,2,1,8542347,58,0.0321541,5.72953,-1.61991,0.922697,0.0518824,
34.1720,2,1,8542347,58,0.0400943,5.42974,-1.29993,0.931755,0.00601383,
34.4530,2,1,8543497,58,0.0346537,5.00714,-2.03358,0.935577,-0.0203472,
34.7660,2,1,8543497,58,0.0334864,4.60183,-2.13528,0.918716,-0.0269821,
35.0470,2,1,8543497,58,0.0338661,5.74894,-2.82176,0.913922,-0.0116668,
35.3280,2,1,8543497,58,0.0390692,5.37604,-2.84331,0.910218,-0.054659,
35.6090,2,1,8544647,58,0.0358167,5.37454,-2.31769,0.897176,-0.0990888,
35.9060,2,1,8544647,58,0.0437749,5.11491,-2.33007,0.424154,-0.0663905,
36.1880,2,1,8544647,58,0.0481488,4.51554,-2.52692,0.843684,-0.106675,
36.4840,2,1,8544647,58,0.0362766,5.12387,-2.05402,0.906835,-0.097852,
36.7660,2,1,8545798,58,0.0381979,5.14234,-2.34509,0.905207,-0.100651,
37.0630,2,1,8545798,58,0.0408272,6.25531,-1.20421,0.913322,-0.0265418,
37.3440,2,1,8545798,58,0.0515181,6.18586,0.534265,0.914113,0.0183184,
37.6250,2,1,8545798,58,0.0488537,5.42741,1.22439,0.916719,0.0587189,
37.9060,2,1,8546948,58,0.0553665,4.59755,0.607522,0.913712,0.0278462,
38.2190,2,1,8546948,58,0.0548822,4.31687,-1.08578,0.931078,0.0123798,
38.5000,2,1,8546948,58,0.0540367,4.16819,-3.41237,0.254057,-0.00173631,
38.7810,2,1,8546948,58,0.0602172,3.5406,-3.07715,0.709897,-0.042331,
39.0630,2,1,8548098,58,0.055617,3.43878,-3.02078,0.947504,-0.104578,
39.3590,2,1,8548098,58,0.0518151,4.09897,-3.05218,0.938173,-0.0337755,
39.6410,2,1,8548098,58,0.0575576,4.41814,-2.69631,0.933872,0.0387779,
39.9380,2,1,8548098,58,0.0620989,4.0476,-3.76016,0.936531,0.0445655,
40.2190,2,1,8549248,58,0.0598967,3.28513,-3.13893,0.941674,0.00330409,
40.5160,2,1,8549248,58,0.0621031,2.66197,-3.18647,0.93274,-0.0440038,
40.7970,2,1,8549248,58,0.0579081,2.25484,-3.63411,0.942829,-0.09872,
41.0780,2,1,8549248,58,0.0565252,2.68814,-1.91214,0.958113,-0.12526,
41.3590,2,1,8550399,58,0.0535924,4.55962,0.100093,0.956404,-0.126736,
41.6560,2,1,8550399,58,0.0574222,3.51515,-1.09641,0.262336,-0.0752267,
41.9530,2,1,8550399,58,0.0586959,3.37736,-1.24557,0.794012,0.0109287,
42.2340,2,1,8550399,58,0.0539011,3.73017,-1.89736,0.918688,0.0124648,
42.5160,2,1,8551549,58,0.05649,3.99656,-2.12796,0.939442,-0.023388,
42.8130,2,1,8551549,58,0.0569286,4.1525,-2.40663,0.93409,-0.0469434,
43.0940,2,1,8551549,58,0.0561243,3.85071,-2.76601,0.937076,-0.0707664,
43.3750,2,1,8551549,58,0.0559724,3.77897,-2.6924,0.929409,-0.0410842,
43.6560,2,1,8552699,58,0.0551666,3.87653,-3.12265,0.911395,0.0164098,
43.9690,2,1,8552699,58,0.0557631,3.60205,-3.099,0.907411,0.00410654,
44.2500,2,1,8552699,58,0.0571524,3.4856,-3.01594,0.907705,-0.00149432,
44.5310,2,1,8552699,58,0.0636121,3.57468,-2.75841,0.379295,-0.00463897,
44.8130,2,1,8553850,58,0.0646908,3.7798,-1.63429,0.844029,0.0432894,
45.1090,2,1,8553850,58,0.0628402,7.01787,0.758341,0.920063,0.0284171,
45.3910,2,1,8553850,58,0.104004,11.6919,3.19025,0.900597,0.0472399,
45.6720,2,1,8553850,58,0.20601,16.098,3.7101,0.906178,-0.015498,
45.9690,2,1,8554999,58,0.213562,17.6425,2.82886,0.829418,0.0431883,
46.2660,2,1,8554999,58,0.125179,11.3672,0.776672,0.52605,0.0805904,
46.5470,2,1,8554999,58,0.0361757,-2.22317,3.14714,0.881871,0.0948029,
46.8280,2,1,8554999,58,0.0115566,-7.14578,4.36461,0.904264,0.120125,
47.1090,2,1,8556150,58,0.00524915,-9.30836,4.95167,0.909882,-0.0101793,
47.4060,2,1,8556150,58,0.00277995,-7.45721,3.36425,0,-0.0717836,
47.7030,2,1,8556150,58,0.002075,-3.91275,1.16287,0.557034,-0.147052,
47.9840,2,1,8556150,58,0.00207387,1.97064,-2.09499,0.672663,-0.173711,
48.2660,2,1,8557300,59,0.00324779,7.24978,-4.89218,0.470482,-0.173262,
48.5630,2,1,8557300,59,0.00279064,9.00288,-7.04174,0.361976,-0.15061,
48.8440,2,1,8557300,59,0.0028185,9.73951,-8.28688,0.278143,-0.122832,
49.1250,2,1,8557300,59,0.00382556,9.34316,-8.59769,0.233212,-0.133678,
49.4060,2,1,8558450,59,0.00306645,8.63519,-8.69578,0.253504,-0.144678,
49.7190,2,1,8558450,59,0.00372811,8.08976,-7.98428,0.469523,-0.162863,
50.0000,2,1,8558450,59,0.00419195,8.24064,-8.531,0.472825,-0.157307,
50.2660,2,1,8558450,59,0.010833,8.24955,-8.27535,0.511873,-0.156719,
50.5470,2,1,8559584,59,0.00864702,7.42232,-6.82257,0.48286,-0.188344,
50.8440,2,1,8559584,59,0.0044419,7.22866,-7.20143,0.604094,-0.188127,
51.1410,2,1,8559584,59,0.00279244,6.79285,-7.47352,0.668963,-0.217208,
51.4220,2,1,8559584,59,0.00229444,4.86307,-7.42451,0.186008,-0.163043,
51.7030,2,1,8560734,59,0.00309373,3.90682,-7.56833,0.651319,-0.208762,
52.0000,2,1,8560734,59,0.00404101,4.35178,-7.52569,0.66931,-0.222892,
52.2810,2,1,8560734,59,0.0027909,5.09692,-8.43996,0.696646,-0.225313,
52.5630,2,1,8560734,59,0.00336088,6.10753,-9.37484,0.692534,-0.21563,
52.8440,2,1,8561884,59,0.00338781,6.91709,-9.77622,0.703706,-0.211601,
53.1410,2,1,8561884,59,0.00384698,6.90484,-9.29125,0.71772,-0.205842,
53.4380,2,1,8561884,59,0.00293088,6.69509,-8.88657,0.664506,-0.214682,
53.7190,2,1,8561884,59,0.0032062,6.94734,-9.13424,0.646547,-0.191426,
54.0000,2,1,8563035,59,0.00498459,6.96093,-9.30942,0.592568,-0.194036,
54.2970,2,1,8563035,59,0.00708616,7.02428,-9.09202,0.541067,-0.165727,
54.5780,2,1,8563035,59,0.00998098,7.33298,-9.3819,0.478496,-0.160965,
54.8590,2,1,8563035,59,0.0122239,7.43286,-9.65241,0.329926,-0.144676,
55.1560,2,1,8564186,59,0.0136768,7.64611,-9.67644,0.354215,-0.152228,
55.4530,2,1,8564186,59,0.0157054,7.64404,-9.63446,0.429531,-0.162552,
55.7340,2,1,8564186,59,0.0154261,7.49455,-9.81135,0.432194,-0.162406,
56.0160,2,1,8564186,59,0.0187862,7.48154,-10.1653,0.445017,-0.165117,
56.2970,2,1,8565335,59,0.016391,7.46318,-10.2578,0.415334,-0.174172,
56.5940,2,1,8565335,59,0.0159547,7.53795,-10.487,0.415474,-0.15183,
56.8750,2,1,8565335,59,0.015855,7.87767,-10.5151,0,-0.103065,
57.1720,2,1,8565335,59,0.017945,7.78119,-10.7104,0.0306858,-0.139774,
57.4530,2,1,8566485,59,0.0144032,7.67662,-11.2176,0.497344,-0.159489,
57.7500,2,1,8566485,59,0.012756,7.4416,-11.2907,0.464491,-0.162389,
58.0310,2,1,8566485,59,0.00976215,7.45469,-11.2567,0.497952,-0.169278,
58.3130,2,1,8566485,59,0.00936983,7.6038,-11.4861,0.504942,-0.172126,
58.5940,2,1,8567636,59,0.00821932,7.69064,-11.4478,0.545951,-0.156622,
58.9060,2,1,8567636,59,0.00594487,7.56182,-11.1245,0.450264,-0.167575,
59.1880,2,1,8567636,59,0.00727371,7.68796,-10.3438,0.409353,-0.168895,
59.4690,2,1,8567636,59,0.032598,7.78266,-10.1612,0.389314,-0.176127,
59.7500,2,1,8568787,59,0.0559904,7.50383,-8.64581,0.586604,-0.147175,
60.0470,2,1,8568787,59,0.0385852,7.83627,-7.85937,0.618097,-0.166361,
60.3280,2,1,8568787,59,0.0269957,9.12918,-7.26977,0.654847,-0.153339,
60.6250,2,1,8568787,59,0.0238266,9.17973,-5.81146,0.691323,-0.178019,
60.9060,2,1,8569937,59,0.019574,8.86586,-6.72251,0,-0.128724,
61.2030,2,1,8569937,59,0.0208213,8.61032,-7.74606,0.407635,-0.153931,
61.4840,2,1,8569937,59,0.0214744,8.27647,-7.62446,0.516557,-0.138783,
61.7660,2,1,8569937,59,0.019528,7.7476,-8.86439,0.393317,-0.132192,
62.0470,2,1,8571088,59,0.0259537,7.53131,-9.10934,0.391697,-0.144074,
62.3590,2,1,8571088,59,0.031666,7.15318,-8.88821,0.396819,-0.159583,
62.6410,2,1,8571088,59,0.0179198,6.99032,-7.1381,0.481891,-0.196718,
62.9220,2,1,8571088,59,0.0126872,6.48911,-6.82612,0.55012,-0.183948,
63.2030,2,1,8572223,59,0.00979391,6.48538,-7.23174,0.528988,-0.15249,
63.4840,2,1,8572223,59,0.0099491,6.76246,-7.42134,0.49239,-0.155779,
63.7660,2,1,8572223,59,0.0137005,6.65352,-7.81599,0.461,-0.159436,
64.0470,2,1,8572223,59,0.0138672,7.1238,-8.02564,0.448763,-0.166409,
64.3280,2,1,8573372,59,0.015534,7.40997,-8.17242,0.477253,-0.161468,
64.6410,2,1,8573372,59,0.0165389,7.37429,-7.55409,0.458156,-0.168115,
64.9220,2,1,8573372,59,0.0171625,7.5837,-7.96618,0.420551,-0.141591,
65.2030,2,1,8573372,59,0.0157622,7.73854,-8.76892,0.413344,-0.119066,
65.4840,2,1,8574522,59,0.0254618,7.63106,-8.55639,0.420998,-0.133432,
65.7810,2,1,8574522,59,0.0305536,7.56464,-8.37315,0.465238,-0.141782,
66.0630,2,1,8574522,59,0.0248545,7.4658,-8.33479,0.490777,-0.145921,
66.3590,2,1,8574522,59,0.0175552,7.78252,-8.39974,0,-0.110607,
66.6410,2,1,8575673,59,0.0169889,7.73447,-8.40087,0,-0.132855,
66.9380,2,1,8575673,59,0.0197585,7.76779,-8.48192,0,-0.12977,
67.2190,2,1,8575673,59,0.0278935,7.73902,-8.18695,0.491785,-0.14472,
67.5000,2,1,8575673,59,0.0287328,7.62243,-7.83994,0.515976,-0.147044,
67.7810,2,1,8576823,59,0.028216,7.82268,-7.06702,0.520509,-0.14875,
68.0940,2,1,8576823,59,0.0339563,8.19504,-6.62088,0.526057,-0.146595,
68.3750,2,1,8576823,59,0.0321994,8.43853,-6.76127,0.458097,-0.153655,
68.6560,2,1,8576823,59,0.0273704,8.67664,-6.81544,0.462,-0.144431,
68.9380,2,1,8577973,59,0.0341644,8.55682,-6.90425,0.459268,-0.171742,
69.2340,2,1,8577973,59,0.0456947,8.90258,-6.86516,0.46389,-0.175822,
69.5160,2,1,8577973,59,0.0460823,9.41135,-6.87977,0.438285,-0.170213,
69.7970,2,1,8577973,59,0.0453963,9.7252,-6.79164,0.459135,-0.160802,
70.0940,2,1,8579123,59,0.0619818,9.6215,-7.09863,0.400298,-0.15231,
70.3910,2,1,8579123,59,0.0654832,9.79137,-7.28638,0.419622,-0.153959,
70.6560,2,1,8579123,59,0.0562899,9.68336,-7.02665,0.426662,-0.140987,
70.9380,2,1,8579123,59,0.0506108,9.55806,-6.80898,0.323492,-0.128979,
71.2190,2,1,8580257,59,0.043721,9.32709,-6.81659,0,-0.113922,
71.5160,2,1,8580257,59,0.0546694,9.134,-7.18072,0,-0.128297,
71.7970,2,1,8580257,59,0.0558407,9.21723,-7.27415,0,-0.129788,
72.0940,2,1,8580257,59,0.0564788,9.26583,-7.32863,0,-0.135641,
72.3750,2,1,8581392,59,0.0387803,9.02672,-7.38137,0,-0.14033,
72.6560,2,1,8581392,59,0.0543741,9.10213,-7.73031,0,-0.149907,
72.9380,2,1,8581392,59,0.0353202,9.10505,-7.68967,0,-0.133217,
73.2190,2,1,8581392,59,0.0403297,8.9733,-8.03711,0,-0.144721,
73.5000,2,1,8582541,59,0.0454575,8.97703,-8.09525,0,-0.14615,
73.8130,2,1,8582541,59,0.0426547,8.87404,-8.22885,0,-0.166333,
74.0940,2,1,8582541,59,0.0536072,8.9562,-8.67073,0,-0.168848,
74.3750,2,1,8582541,59,0.0487192,9.08798,-8.64026,0,-0.154367,
74.6560,2,1,8583691,59,0.0523117,9.1361,-8.72115,0,-0.151474,
74.9530,2,1,8583691,59,0.0445069,9.09255,-8.64651,0,-0.142813,
75.2340,2,1,8583691,59,0.0514409,9.12756,-8.4877,0,-0.161077,
75.5160,2,1,8583691,59,0.0510023,9.20474,-8.36005,0,-0.121486,
75.8130,2,1,8584842,59,0.0492546,9.21327,-8.23231,0.240153,-0.142409,
76.1090,2,1,8584842,59,0.042515,9.14068,-8.37817,0.457394,-0.135437,
76.3910,2,1,8584842,59,0.0359525,8.94988,-8.29875,0.461004,-0.151283,
76.6720,2,1,8584842,59,0.0359525,8.82856,-8.58188,0.40462,-0.157641,
76.9530,2,1,8585992,59,0.0526302,8.91288,-8.83143,0.382092,-0.156321,
77.2500,2,1,8585992,59,0.0475157,9.09624,-8.94518,0.41162,-0.151712,
77.5470,2,1,8585992,59,0.0440073,9.13792,-9.09855,0.40708,-0.142474,
77.8280,2,1,8585992,59,0.0505488,9.21579,-9.08509,0.366182,-0.13845,
78.1090,2,1,8587142,59,0.0518766,9.06105,-9.12328,0.366936,-0.120748,
78.4060,2,1,8587142,59,0.0483899,9.09968,-9.20139,0.438314,-0.135605,
78.6880,2,1,8587142,59,0.0421049,9.11865,-9.34862,0.399519,-0.151387,
78.9690,2,1,8587142,59,0.0485885,8.83834,-9.39031,0.375739,-0.159702,
79.2500,2,1,8588292,59,0.0474505,8.67805,-9.27141,0.41337,-0.149912,
79.5630,2,1,8588292,59,0.0614239,8.62398,-8.89484,0.407317,-0.147664,
79.8440,2,1,8588292,59,0.0608655,8.44304,-9.06911,0.384232,-0.156564,
80.1250,2,1,8588292,59,0.050095,8.46315,-9.27477,0.416398,-0.153516,
80.4060,2,1,8589443,59,0.0469096,8.62842,-9.57067,0.467059,-0.123781,
80.7030,2,1,8589443,59,0.0593614,8.61018,-9.46992,0.287601,-0.100139,
80.9840,2,1,8589443,59,0.0515522,8.50698,-8.81438,0.538462,-0.127006,
81.2810,2,1,8589443,59,0.0514163,8.58884,-9.03481,0.506991,-0.137493,
81.5630,2,1,8590594,59,0.0582228,8.7773,-9.45377,0.446211,-0.159674,
81.8590,2,1,8590594,59,0.0637799,8.79173,-9.60526,0.419558,-0.137724,
82.1410,2,1,8590594,59,0.071491,8.83848,-9.388,0.472543,-0.156951,
82.4220,2,1,8590594,59,0.0716465,8.76888,-9.42973,0.519396,-0.148203,
82.7030,2,1,8591743,59,0.0981324,8.80701,-9.23102,0.506767,-0.115463,
83.0000,2,1,8591743,59,0.0991693,8.82349,-9.56762,0.483077,-0.121001,
83.2970,2,1,8591743,59,0.094975,8.53398,-9.28307,0.48026,-0.12063,
83.5780,2,1,8591743,59,0.0907009,8.55025,-9.20919,0,-0.101857,
83.8590,2,1,8592894,59,0.121665,8.35633,-8.78088,0,-0.1288,
84.1560,2,1,8592894,59,0.11483,8.04582,-8.38321,0,-0.149412,
84.4380,2,1,8592894,59,0.119083,8.11444,-8.05468,0,-0.152147,
84.7190,2,1,8592894,59,0.132556,8.06544,-8.07195,0,-0.136363,
85.0160,2,1,8594044,59,0.122749,8.06789,-7.998,0,-0.134524,
85.3130,2,1,8594044,59,0.127276,8.03875,-7.88183,0,-0.135497,
85.5780,2,1,8594044,59,0.130324,7.80708,-7.71149,0,-0.162807,
85.8590,2,1,8594044,59,0.1513,7.6196,-7.88493,0,-0.155264,
86.1410,2,1,8595177,59,0.185876,7.72906,-7.651,0,-0.154328,
86.4380,2,1,8595177,59,0.163974,7.90063,-7.4653,0,-0.13542,
86.7190,2,1,8595177,59,0.199595,8.04883,-7.34053,0.501971,-0.173876,
87.0160,2,1,8595177,59,0.23941,7.94202,-7.85231,0,-0.129861,
87.2970,2,1,8596327,59,0.246317,8.09615,-7.98134,0,-0.107047,
87.5940,2,1,8596327,59,0.152588,7.91092,-7.47878,0,-0.141601,
87.8750,2,1,8596327,59,0.0445142,7.48795,-7.88037,0.0556731,-0.17429,
88.1560,2,1,8596327,59,0.0286351,7.341,-8.73066,0.655177,-0.131046,
88.4380,2,1,8597477,59,0.0265502,8.84928,-8.08904,0,-0.0981014,
88.7340,2,1,8597477,59,0.0202714,9.82208,-8.8101,0.0427964,-0.0891127,
89.0310,2,1,8597477,59,0.0140412,10.8437,-9.31021,0.609689,-0.0605897,
89.3130,2,1,8597477,59,0.0119919,10.6211,-9.39861,0.62479,-0.0880957,
89.5940,2,1,8598628,58,0.0114613,8.30992,-9.43218,0.622603,-0.139399,
89.8910,2,1,8598628,58,0.00950859,5.84112,-7.92959,0.715423,-0.149863,
90.1720,2,1,8598628,58,0.00841682,4.23189,-5.96175,0.689928,-0.182582,
90.4840,2,1,8598628,58,0.00688294,4.79911,-5.70621,0.633488,-0.18325,
90.7660,2,1,8599795,58,0.0193865,7.16533,-4.30761,0.518496,-0.197037,
91.0630,2,1,8599795,58,0.0316833,8.7315,-4.58459,0.523704,-0.200168,
91.3440,2,1,8599795,58,0.0672317,9.50059,-4.48765,0.434662,-0.185943,
91.6250,2,1,8599795,58,0.0822011,9.96844,-4.59366,0.465879,-0.192859,
91.9060,2,1,8600931,58,0.0880827,10.3175,-4.82487,0.497253,-0.179318,
92.1880,2,1,8600931,58,0.0848156,10.2638,-5.23439,0.535506,-0.174295,
92.4690,2,1,8600931,58,0.108737,9.86977,-5.22793,0.480564,-0.189111,
92.7660,2,1,8600931,58,0.117387,9.62665,-5.03293,0.494613,-0.17897,
93.0470,2,1,8602079,58,0.115732,9.28488,-5.35774,0.473419,-0.163913,
93.3440,2,1,8602079,58,0.127015,9.01051,-5.79928,0,-0.125404,
93.6250,2,1,8602079,58,0.126166,9.10603,-5.59128,0,-0.178805,
93.9060,2,1,8602079,58,0.113469,9.36499,-5.1533,0.459952,-0.193829,
94.1880,2,1,8603229,58,0.106879,9.18649,-5.19343,0.502559,-0.189479,
94.5000,2,1,8603229,58,0.130902,9.24921,-5.48572,0.474874,-0.199628,
94.7810,2,1,8603229,58,0.118109,9.77737,-5.60343,0.491626,-0.190922,
95.0630,2,1,8603229,58,0.108247,9.96159,-5.68917,0.543966,-0.180798,
95.3440,2,1,8604380,58,0.115475,10.2373,-5.90107,0.533962,-0.174127,
95.6410,2,1,8604380,58,0.131246,10.0854,-5.92387,0.514484,-0.175346,
95.9220,2,1,8604380,58,0.13417,9.92833,-5.72586,0.482186,-0.170661,
96.2190,2,1,8604380,58,0.141165,9.83186,-5.98542,0.520389,-0.190135,
96.5000,2,1,8605516,58,0.14568,9.92951,-5.40265,0.524423,-0.170894,
96.7810,2,1,8605516,58,0.11762,9.84355,-5.60174,0.463751,-0.173196,
97.0630,2,1,8605516,58,0.0760285,9.53214,-5.46161,0.498803,-0.178922,
97.3440,2,1,8605516,58,0.0843171,9.25213,-5.76512,0.498217,-0.185859,
97.6250,2,1,8606665,58,0.0919403,9.3302,-5.7636,0,-0.123844,
97.9220,2,1,8606665,58,0.145514,9.14659,-6.29526,0,-0.135525,
98.2190,2,1,8606665,58,0.113028,9.18828,-6.77925,0,-0.157502,
98.5000,2,1,8606665,58,0.125647,9.26706,-6.67316,0,-0.174289,
98.7810,2,1,8607815,58,0.11967,9.36204,-6.46622,0,-0.179056,
99.0780,2,1,8607815,58,0.119934,9.25561,-6.72491,0,-0.177605,
99.3590,2,1,8607815,58,0.132961,9.0815,-7.97383,0,-0.160336,
99.6410,2,1,8607815,58,0.141921,8.93249,-8.96646,0,-0.137162,
99.9380,2,1,8608966,58,0.10784,8.93724,-9.25198,0,-0.132418,
100.2340,2,1,8608966,58,0.130998,8.86351,-9.34991,0,-0.135121,
100.5160,2,1,8608966,58,0.136254,9.036,-8.49695,0,-0.121854,
100.7970,2,1,8608966,58,0.119063,9.19583,-7.83183,0,-0.119413,
101.0780,2,1,8610116,58,0.119261,9.06533,-8.15451,0,-0.137864,
101.3750,2,1,8610116,58,0.129975,9.22784,-8.20554,0,-0.152626,
101.6560,2,1,8610116,58,0.0987281,9.05669,-8.33657,0,-0.154387,
101.9530,2,1,8610116,58,0.13848,9.10003,-8.57716,0,-0.152905,
102.2340,2,1,8611266,58,0.112544,8.96715,-8.60167,0,-0.13849,
102.5310,2,1,8611266,58,0.0960788,8.88443,-8.9482,0,-0.139703,
102.8130,2,1,8611266,58,0.111789,9.4676,-9.4577,0,-0.0864937,
103.0940,2,1,8611266,58,0.139468,9.58913,-9.8676,0,-0.0956265,
103.3750,2,1,8612416,58,0.103132,9.30088,-9.31486,0,-0.11181,
103.6880,2,1,8612416,58,0.0752343,9.58067,-8.63601,0.414587,-0.078142,
103.9690,2,1,8612416,58,0.0255435,10.3918,-9.99428,0.592464,-0.0887604,
104.2500,2,1,8612416,58,0.0340445,11.1286,-10.3391,0.659222,-0.0352239,
104.5310,2,1,8613567,58,0.0374222,11.6237,-10.199,0.666413,-0.0478126,
104.8280,2,1,8613567,58,0.0447012,11.1492,-10.3694,0.592344,-0.0389634,
105.1090,2,1,8613567,58,0.0497286,10.704,-10.1642,0.634377,-0.037456,
105.3910,2,1,8613567,58,0.0470188,9.92827,-11.2043,0.551616,-0.105581,
105.6880,2,1,8614716,59,0.0521356,9.59228,-11.8498,0.53798,-0.147508,
105.9840,2,1,8614716,59,0.0512023,9.41619,-12.1271,0.537469,-0.141383,
106.2660,2,1,8614716,59,0.0417675,9.05174,-11.9176,0.540863,-0.136259,
106.5470,2,1,8614716,59,0.0399571,8.9726,-11.5714,0.668835,-0.115609,
106.8280,2,1,8615867,59,0.0444546,9.41496,-11.5086,0.367578,-0.101496,
107.1250,2,1,8615867,59,0.0367131,9.43719,-11.8172,0.561998,-0.106436,
107.4060,2,1,8615867,59,0.0326618,9.31881,-11.7861,0.575027,-0.103354,
107.7030,2,1,8615867,59,0.0268129,9.61269,-11.5127,0.579838,-0.126405,
107.9840,2,1,8617017,59,0.0243884,9.83628,-11.4481,0.562401,-0.124382,
108.2810,2,1,8617017,59,0.0276273,9.80568,-11.2522,0.565166,-0.108681,
108.5630,2,1,8617017,59,0.025007,9.5658,-10.9513,0.56172,-0.121178,
108.8440,2,1,8617017,59,0.0275688,9.5273,-10.6362,0.538046,-0.0957904,
109.1250,2,1,8618167,59,0.0287724,9.49321,-10.2498,0.611279,-0.0876863,
109.4380,2,1,8618167,59,0.0335425,9.40485,-10.1992,0.61167,-0.0822312,
109.7030,2,1,8618167,59,0.0380561,9.38176,-10.5499,0.582406,-0.140455,
109.9840,2,1,8618167,59,0.0424559,9.34047,-10.7422,0.57799,-0.165692,
110.2660,2,1,8619300,59,0.038829,9.67712,-11.3678,0.565814,-0.129925,
110.5630,2,1,8619300,59,0.0433443,9.63857,-11.1777,0,-0.114834,
110.8440,2,1,8619300,59,0.0448868,9.42971,-11.2649,0.248323,-0.137465,
111.1250,2,1,8619300,59,0.0406039,9.38083,-11.3786,0.530103,-0.153229,
111.4220,2,1,8620451,59,0.0381287,9.4321,-11.4064,0.589377,-0.172579,
111.7190,2,1,8620451,59,0.0394763,9.49072,-11.4457,0.556755,-0.156347,
112.0000,2,1,8620451,59,0.0412173,9.39757,-11.2878,0.558667,-0.158708,
112.2810,2,1,8620451,59,0.0415691,9.2045,-11.1092,0.495717,-0.122791,
112.5630,2,1,8621601,59,0.037827,8.95574,-10.8371,0.536206,-0.13212,
112.8590,2,1,8621601,59,0.0362955,8.88463,-11.2508,0.551206,-0.133612,
113.1560,2,1,8621601,59,0.0458711,8.87397,-11.3558,0.65691,-0.128482,
113.4380,2,1,8621601,59,0.0417928,8.99143,-11.5628,0.6795,-0.131812,
113.7190,2,1,8622751,59,0.0413993,8.95439,-11.8484,0.588008,-0.112267,
114.0160,2,1,8622751,59,0.0392859,9.08787,-11.9756,0.594702,-0.0980903,
114.2970,2,1,8622751,59,0.0369347,9.1716,-11.7453,0.622592,-0.0859806,
114.5780,2,1,8622751,59,0.03568,9.23207,-11.3688,0.63123,-0.093996,
114.8590,2,1,8623901,59,0.0352814,8.9762,-11.0987,0.316966,-0.0856472,
115.1720,2,1,8623901,59,0.0427671,8.67479,-10.5585,0.788852,0.000890461,
115.4530,2,1,8623901,59,0.0480019,7.09149,-9.36838,0.912076,0.0319823,
115.7340,2,1,8623901,59,0.0447156,6.28376,-8.46871,0.929751,0.0422954,
116.0160,2,1,8625052,59,0.0448567,7.25069,-8.6353,0.442345,-0.12974,
116.3130,2,1,8625052,59,0.054611,8.19752,-8.70957,0.690263,-0.144204,
116.5940,2,1,8625052,59,0.0536223,8.26186,-8.58051,0.789094,-0.185132,
116.8750,2,1,8625052,59,0.0692191,7.88959,-10.2886,0.645795,-0.16178,
117.1720,2,1,8626201,59,0.0697398,7.0254,-10.3408,0.60662,-0.151526,
117.4690,2,1,8626201,59,0.0717086,5.75019,-10.5932,0.683894,-0.128062,
117.7500,2,1,8626201,59,0.0781599,5.19544,-10.7334,0.618508,-0.12958,
118.0310,2,1,8626201,59,0.0734952,5.21699,-10.7526,0.635487,-0.149599,
118.3130,2,1,8627352,59,0.0592702,5.34307,-10.4119,0.676306,-0.155609,
118.6090,2,1,8627352,59,0.067943,5.41715,-10.8444,0.651421,-0.174853,
118.9060,2,1,8627352,59,0.0560516,5.72877,-10.8766,0.639365,-0.186615,
119.1880,2,1,8627352,59,0.0550533,5.80812,-11.362,0.662516,-0.164653,
119.4690,2,1,8628502,59,0.06833,5.92161,-11.8542,0.678791,-0.162527,
119.7660,2,1,8628502,59,0.0667708,6.19821,-11.5642,0.578198,-0.147019,
120.0470,2,1,8628502,59,0.0780318,6.23678,-12.0881,0.576853,-0.172807,
120.3280,2,1,8628502,59,0.0740918,6.35461,-12.3666,0.626833,-0.14739,
120.6090,2,1,8629652,59,0.083711,6.78684,-12.626,0,-0.0679208,
120.9220,2,1,8629652,59,0.0783076,6.81541,-12.4756,0.284869,-0.119293,
121.2030,2,1,8629652,59,0.071114,6.5024,-11.7257,0.601286,-0.132122,
121.4840,2,1,8629652,59,0.0635168,6.73268,-11.5515,0.672657,-0.164385,
121.7660,2,1,8630803,59,0.0699159,6.29998,-11.7273,0.626832,-0.172342,
122.0630,2,1,8630803,59,0.0633702,6.22186,-11.5677,0.617061,-0.194539,
122.3440,2,1,8630803,59,0.0574173,6.04312,-11.3801,0.615789,-0.205048,
122.6410,2,1,8630803,59,0.0556985,6.21127,-11.1925,0.580348,-0.205072,
122.9220,2,1,8631953,59,0.0599049,6.67137,-12.6935,0.581332,-0.160513,
123.2190,2,1,8631953,59,0.0721162,6.4689,-12.7927,0.578183,-0.16409,
123.5000,2,1,8631953,59,0.0747363,6.11293,-12.7024,0.620327,-0.132174,
123.7810,2,1,8631953,59,0.0836839,5.79011,-12.3502,0.640611,-0.151417,
124.0470,2,1,8633086,59,0.0684051,6.1234,-12.3856,0.628407,-0.171097,
124.3440,2,1,8633086,59,0.0648774,6.45642,-12.5241,0.597337,-0.172683,
124.6410,2,1,8633086,59,0.0871882,6.99131,-12.4174,0.0533837,-0.0956069,
124.9220,2,1,8633086,59,0.0507936,7.53703,-13.6325,0.66824,-0.0788145,
125.2030,2,1,8634236,59,0.143026,8.23643,-10.7068,0.0479614,0.0666888,
125.5000,2,1,8634236,59,0.0964562,6.74582,-8.4369,0.677456,0.0983784,
125.7810,2,1,8634236,59,0.0547744,6.01056,-7.60889,0.798651,0.0882689,
126.0630,2,1,8634236,59,0.0784763,5.40621,-6.0687,0.905637,0.0457433,
126.3440,2,1,8635387,59,0.053593,5.50739,-5.53232,0.921372,0.0426183,
126.6560,2,1,8635387,59,0.0540646,6.1934,-5.01387,0.848049,0.0558713,
126.9380,2,1,8635387,59,0.0447405,6.91774,-3.37449,0.847071,0.056718,
127.2190,2,1,8635387,59,0.0469916,7.18519,-3.94061,0.782187,0.0453174,
127.5000,2,1,8636538,59,0.0465089,7.45076,-4.46774,0.844824,0.0772147,
127.7970,2,1,8636538,59,0.0937968,9.31653,-6.03085,0.523011,-0.028743,
128.0780,2,1,8636538,59,0.0247861,9.91314,-5.79415,0.810599,-0.119569,
128.3750,2,1,8636538,59,0.0237066,8.97332,-6.94367,0.757965,-0.133549,
128.6560,2,1,8637687,59,0.0363106,8.57276,-7.67322,0.732488,-0.172515,
128.9530,2,1,8637687,59,0.0447768,8.33722,-8.69404,0.768997,-0.167046,
129.2340,2,1,8637687,59,0.0396072,8.45716,-8.99955,0.713717,-0.179672,
129.5160,2,1,8637687,59,0.0377955,8.1109,-8.5794,0.696693,-0.178146,
129.7970,2,1,8638838,59,0.0424952,8.05829,-8.72188,0.731999,-0.155532,
130.1090,2,1,8638838,59,0.0401349,8.00352,-8.63598,0.727357,-0.147531,
130.3910,2,1,8638838,59,0.0386741,7.96072,-8.89913,0.669316,-0.160064,
130.6720,2,1,8638838,59,0.0385695,8.02514,-8.97608,0.67117,-0.129529,
130.9380,2,1,8639972,59,0.0424708,8.06379,-8.63699,0.206133,-0.104019,
131.2340,2,1,8639972,59,0.0381352,8.27413,-8.26757,0.34148,-0.155904,
131.5160,2,1,8639972,59,0.03513,8.50076,-8.16285,0.787342,-0.170491,
131.7970,2,1,8639972,59,0.0295877,8.81029,-8.1942,0.844602,-0.151777,
132.0940,2,1,8641123,59,0.0373161,8.71929,-8.64681,0.77769,-0.174984,
132.3910,2,1,8641123,59,0.0403905,8.93961,-8.60347,0.719078,-0.171013,
132.6720,2,1,8641123,59,0.0409263,8.88625,-8.7216,0.67694,-0.168492,
132.9530,2,1,8641123,59,0.035079,9.22064,-8.57228,0,-0.145318,
133.2340,2,1,8642273,59,0.042718,9.25947,-8.53358,0,-0.108899,
133.5310,2,1,8642273,59,0.0381449,9.50906,-9.35302,0.532321,-0.155046,
133.8280,2,1,8642273,59,0.0364716,9.12576,-9.68362,0.539543,-0.176534,
134.1090,2,1,8642273,59,0.033909,9.0019,-9.6505,0.529432,-0.139643,
134.3910,2,1,8643423,59,0.0403546,8.56255,-9.84748,0.517612,-0.151748,
134.6880,2,1,8643423,59,0.0319739,8.45251,-10.0123,0.48873,-0.174321,
134.9690,2,1,8643423,59,0.0392486,8.21439,-10.3321,0.528925,-0.175096,
135.2500,2,1,8643423,59,0.0406334,8.20311,-11.0199,0.511631,-0.164973,
135.5310,2,1,8644574,59,0.0448612,8.16681,-11.4679,0.421434,-0.155294,
135.8440,2,1,8644574,59,0.0411371,8.31536,-11.9104,0.491389,-0.15682,
136.1250,2,1,8644574,59,0.0402436,8.30406,-11.8973,0.507642,-0.171986,
136.4060,2,1,8644574,59,0.0453844,8.52059,-11.917,0.533832,-0.156465,
136.6880,2,1,8645724,59,0.0418473,8.58716,-11.9154,0.622362,-0.172606,
136.9840,2,1,8645724,59,0.0392741,8.60715,-12.0316,0.658596,-0.171733,
137.2660,2,1,8645724,59,0.0394528,8.83496,-11.9506,0.630204,-0.180594,
137.5630,2,1,8645724,59,0.0330185,8.75984,-12.1497,0.611847,-0.183417,
137.8440,2,1,8646874,59,0.0321434,8.71358,-12.2721,0.575318,-0.161758,
138.1410,2,1,8646874,59,0.0355039,8.7298,-12.2952,0.650071,-0.13415,
138.4220,2,1,8646874,59,0.0342994,8.81737,-12.1066,0.723819,-0.121492,
138.7030,2,1,8646874,59,0.0478232,8.62229,-12.6584,0.659705,-0.143455,
138.9840,2,1,8648024,59,0.0513967,8.67782,-12.5709,0.709692,-0.115015,
139.2810,2,1,8648024,59,0.0567082,8.80141,-12.3866,0.573616,-0.13252,
139.5780,2,1,8648024,59,0.0561613,8.81963,-12.6293,0.6438,-0.169478,
139.8590,2,1,8648024,59,0.0513114,8.92054,-12.8661,0.664437,-0.150912,
140.1410,2,1,8649174,59,0.0531785,8.86369,-12.8967,0.665984,-0.158305,
140.4380,2,1,8649174,59,0.0514799,8.80784,-12.9597,0.658242,-0.176047,
140.7190,2,1,8649174,59,0.0499364,8.87664,-12.7322,0.602551,-0.171927,
141.0000,2,1,8649174,59,0.0483526,8.90301,-12.7159,0.570555,-0.189329,
141.2810,2,1,8650324,59,0.0536331,8.38679,-12.27,0.612736,-0.132888,
141.5940,2,1,8650324,59,0.0524465,7.97971,-12.067,0.629322,-0.131216,
141.8750,2,1,8650324,59,0.0491375,7.93037,-11.9549,0.63974,-0.126808,
142.1560,2,1,8650324,59,0.0502785,8.03967,-12.2699,0.678689,-0.123582,
142.4380,2,1,8651475,59,0.0521097,7.96616,-12.5867,0.670288,-0.137851,
142.7340,2,1,8651475,59,0.0452768,8.06686,-11.9718,0.172951,-0.122784,
143.0160,2,1,8651475,59,0.0476657,8.30625,-11.7957,0.669477,-0.1095,
143.3130,2,1,8651475,59,0.0417276,8.40512,-11.7816,0.69069,-0.100507,
143.5940,2,1,8652625,59,0.0420917,8.38315,-11.8504,0.726306,-0.104468,
143.8910,2,1,8652625,59,0.0422847,8.43863,-12.0903,0.657288,-0.122476,
144.1720,2,1,8652625,59,0.0381969,8.45558,-11.9792,0.656186,-0.133981,
144.4530,2,1,8652625,59,0.0399613,8.6105,-11.5972,0.686096,-0.124968,
144.7340,2,1,8653775,59,0.0366587,8.5933,-11.4597,0.659494,-0.121963,
145.0470,2,1,8653775,59,0.0324501,8.5405,-11.4329,0.623855,-0.138279,
145.3280,2,1,8653775,59,0.0313566,8.41263,-11.2209,0.628346,-0.128651,
145.6090,2,1,8653775,59,0.0318199,8.3949,-11.1254,0.61731,-0.120573,
145.8910,2,1,8654927,59,0.0297253,8.2107,-11.2709,0.509694,-0.163743,
146.1880,2,1,8654927,59,0.0329592,8.06421,-10.8823,0.160098,-0.12556,
146.4690,2,1,8654927,59,0.0361353,8.32135,-10.8995,0.435097,-0.100379,
146.7500,2,1,8654927,59,0.0341104,8.47752,-11.0559,0.67995,-0.0999164,
147.0470,2,1,8656076,59,0.0362182,8.69207,-11.7266,0.683908,-0.130537,
147.3440,2,1,8656076,59,0.0347097,8.42215,-12.1641,0.643603,-0.155783,
147.6250,2,1,8656076,59,0.0339831,8.47926,-12.1238,0.643916,-0.120564,
147.9060,2,1,8656076,59,0.0336272,8.48712,-12.2382,0.659707,-0.106961,
148.1880,2,1,8657226,59,0.0373453,8.51128,-12.2351,0.6697,-0.109759,
148.4840,2,1,8657226,59,0.0363321,8.34649,-11.8505,0.664029,-0.109849,
148.7660,2,1,8657226,59,0.0347203,8.23804,-11.6196,0.666299,-0.110374,
149.0630,2,1,8657226,59,0.0283474,8.1322,-12.0657,0.585416,-0.161414,
149.3440,2,1,8658377,59,0.0259679,8.08924,-12.2296,0.537674,-0.172654,
149.6410,2,1,8658377,59,0.0277399,8.08346,-12.2171,0.494316,-0.1731,
149.9220,2,1,8658377,59,0.0285329,7.9067,-12.1086,0.529069,-0.17044,
150.2030,2,1,8658377,59,0.029445,8.14625,-11.8344,0.638162,-0.129945,
150.4840,2,1,8659526,59,0.028763,8.36933,-12.0084,0.64914,-0.132064,
150.7970,2,1,8659526,59,0.0291813,8.41319,-11.8972,0.704814,-0.108461,
151.0780,2,1,8659526,59,0.0362268,8.3919,-11.839,0.289346,-0.0895275,
151.3590,2,1,8659526,59,0.0302128,8.51255,-11.9662,0.464201,-0.109654,
151.6410,2,1,8660678,59,0.0287589,8.41605,-12.1121,0.615761,-0.13414,
151.9380,2,1,8660678,59,0.0305484,8.5002,-12.1047,0.67525,-0.102555,
152.2190,2,1,8660678,59,0.0377989,8.35664,-12.523,0.634514,-0.124391,
152.5000,2,1,8660678,59,0.0428755,8.23084,-12.5729,0.589078,-0.151383,
152.7970,2,1,8661827,59,0.0403969,8.08121,-12.3806,0.566088,-0.164537,
153.0940,2,1,8661827,59,0.0431757,7.92446,-12.2302,0.589325,-0.165605,
153.3750,2,1,8661827,59,0.0406056,7.97826,-12.399,0.624938,-0.135762,
153.6560,2,1,8661827,59,0.0383103,8.11096,-12.295,0.620312,-0.122707,
153.9380,2,1,8662978,59,0.0374167,8.24633,-12.2363,0.606814,-0.128741,
154.2500,2,1,8662978,59,0.0336905,8.29898,-12.1756,0.615475,-0.135098,
154.5310,2,1,8662978,59,0.0325077,8.25577,-12.1006,0.573709,-0.129758,
154.7970,2,1,8662978,59,0.0323204,8.26299,-11.7777,0.464733,-0.132582,
155.0780,2,1,8664111,58,0.0392001,8.01247,-11.8084,0.424263,-0.137707,
155.3750,2,1,8664111,58,0.0354127,8.04696,-11.9532,0.40202,-0.140685,
155.6560,2,1,8664111,58,0.0364668,8.11176,-11.6979,0.250173,-0.101892,
155.9380,2,1,8664111,58,0.0342622,8.15643,-12.2938,0.567589,-0.0942344,
156.2190,2,1,8665261,58,0.0479393,9.04597,-13.0365,0.580277,-0.0688098,
156.5310,2,1,8665261,58,0.0423398,11.1464,-14.056,0.516322,-0.0624314,
156.8130,2,1,8665261,58,0.03877,11.615,-13.3503,0.66691,-0.054373,
157.0940,2,1,8665261,58,0.025774,13.3054,-11.7231,0.705303,-0.0265342,
157.3750,2,1,8666412,58,0.0182695,16.2842,-10.8247,0.660225,-0.0577896,
157.6720,2,1,8666412,58,0.0158747,17.4237,-10.317,0.578438,-0.0785787,
157.9530,2,1,8666412,58,0.0126467,18.214,-10.0291,0.572943,-0.100188,
158.2500,2,1,8666412,58,0.00979605,18.5911,-9.929,0.60052,-0.102499,
158.5310,2,1,8667562,58,0.010169,18.1908,-10.198,0.58714,-0.0988709,
158.8280,2,1,8667562,58,0.010307,17.9504,-9.81837,0.586143,-0.107934,
159.1090,2,1,8667562,58,0.0109983,17.4568,-9.93349,0.531585,-0.111878,
159.3910,2,1,8667562,58,0.0118678,17.2623,-9.87932,0.627066,-0.0779019,
159.6720,2,1,8668712,58,0.0110424,16.9752,-9.94242,0.567057,-0.102593,
159.9690,2,1,8668712,58,0.0121368,16.7634,-9.97706,0.255015,-0.122462,
160.2660,2,1,8668712,58,0.023468,16.6439,-10.4208,0.496332,-0.110119,
160.5470,2,1,8668712,58,0.0228651,16.3842,-10.7306,0.545114,-0.0970342,
160.8280,2,1,8669863,58,0.0200362,16.2323,-10.8337,0.529537,-0.0808122,
161.1250,2,1,8669863,58,0.0199509,16.104,-10.9591,0.565167,-0.0937937,
161.4060,2,1,8669863,58,0.019349,16.0236,-10.8537,0.543137,-0.0985538,
161.6880,2,1,8669863,58,0.0179513,15.6598,-10.784,0.549465,-0.0909363,
161.9690,2,1,8671013,58,0.017749,15.6016,-10.4983,0.565517,-0.0776552,
162.2810,2,1,8671013,58,0.0198236,15.1795,-10.2674,0.530081,-0.114784,
162.5630,2,1,8671013,58,0.0181867,15.1429,-10.1067,0,-0.0762426,
162.8280,2,1,8671013,58,0.0175239,15.3204,-10.3162,0.461451,-0.0864585,
163.1090,2,1,8672146,58,0.0184569,14.9495,-10.1147,0.545576,-0.110006,
163.4060,2,1,8672146,58,0.0163498,14.6496,-10.0728,0.532952,-0.100433,
163.6880,2,1,8672146,58,0.0195101,14.3857,-9.63719,0.551299,-0.103028,
163.9690,2,1,8672146,58,0.0181442,13.9976,-8.22034,0.574789,-0.105234,
164.2500,2,1,8673281,58,0.0201213,13.38,-7.4943,0.502904,-0.107751,
164.5470,2,1,8673281,58,0.0213086,12.8464,-7.22568,0.535669,-0.111614,
164.8280,2,1,8673281,58,0.0201254,12.4723,-7.20689,0.509281,-0.106472,
165.1090,2,1,8673281,58,0.0268319,12.3081,-7.86765,0.562206,-0.11277,
165.3910,2,1,8674432,58,0.023381,11.9853,-7.73359,0.512066,-0.109722,
165.6880,2,1,8674432,58,0.0228274,12.0403,-7.36308,0.484791,-0.126656,
165.9840,2,1,8674432,58,0.0209984,11.4481,-7.82437,0.505127,-0.122972,
166.2660,2,1,8674432,58,0.0220641,11.3107,-7.90133,0.56652,-0.104531,
166.5470,2,1,8675581,58,0.0273627,10.991,-8.17129,0.207725,-0.074539,
166.8440,2,1,8675581,58,0.0250344,11.1531,-7.92136,0,-0.0575207,
167.1250,2,1,8675581,58,0.0260656,10.7182,-8.31265,0.601252,-0.124238,
167.4060,2,1,8675581,58,0.0266155,10.4734,-8.01124,0.800558,-0.143961,
167.6880,2,1,8676731,58,0.0263239,10.7932,-7.71034,0.764614,-0.146657,
168.0000,2,1,8676731,58,0.0295058,11.7943,-8.15561,0.732308,-0.108542,
168.2810,2,1,8676731,58,0.0298192,11.9581,-7.54154,0.656493,-0.115408,
168.5630,2,1,8676731,58,0.0280162,11.4686,-7.21399,0.655413,-0.142942,
168.8440,2,1,8677882,58,0.0311016,11.078,-7.39128,0.672829,-0.157627,
169.1410,2,1,8677882,58,0.0363274,11.061,-7.64243,0,-0.0804623,
169.4220,2,1,8677882,58,0.0335819,10.657,-7.85858,0,-0.0899344,
169.7190,2,1,8677882,58,0.0392595,10.6512,-7.98482,0.393245,-0.103666,
170.0000,2,1,8679032,58,0.0392671,10.4849,-8.32599,0.483432,-0.0967556,
170.2970,2,1,8679032,58,0.0381601,10.2886,-8.55402,0.773854,-4.17173e-06,
170.5780,2,1,8679032,58,0.0440174,9.54062,-8.08184,0.864471,0.0477938,
170.8590,2,1,8679032,58,0.0406789,8.82098,-7.43584,0.872526,0.0416925,
171.1410,2,1,8680182,58,0.0360388,8.0787,-6.55763,0.706486,-0.182292,
171.4530,2,1,8680182,58,0.0464713,7.48398,-6.99682,0,-0.105186,
171.7340,2,1,8680182,58,0.0391372,8.26906,-6.89502,0.0833296,-0.100991,
172.0160,2,1,8680182,58,0.0284821,10.3085,-7.0325,0.783327,-0.128697,
172.2970,2,1,8681332,58,0.0153635,12.7874,-6.68488,0.719189,-0.13044,
172.5940,2,1,8681332,58,0.0256537,12.421,-7.183,0.621298,-0.115293,
172.8750,2,1,8681332,58,0.0284711,11.6403,-8.10761,0.61312,-0.127347,
173.1560,2,1,8681332,58,0.0310721,10.9449,-8.48914,0.59911,-0.130747,
173.4530,2,1,8682483,58,0.0360351,9.85174,-8.48346,0.573796,-0.132883,
173.7500,2,1,8682483,58,0.0308177,9.90746,-8.2561,0.671358,-0.125745,
174.0310,2,1,8682483,58,0.0294677,9.41344,-7.52014,0.601164,-0.166806,
174.3130,2,1,8682483,58,0.0282338,9.36335,-7.44413,0.59048,-0.145529,
174.5940,2,1,8683635,59,0.0365639,8.72855,-7.16899,0.494101,-0.123433,
174.9060,2,1,8683635,59,0.036547,8.84941,-7.48244,0.376666,-0.119054,
175.1720,2,1,8683635,59,0.0391267,8.45398,-7.79684,0.587095,-0.134251,
175.4530,2,1,8683635,59,0.0373346,8.56553,-8.01017,0.605727,-0.107153,
175.7340,2,1,8684772,59,0.0345526,8.57159,-6.85746,0.63242,-0.144239,
176.0310,2,1,8684772,59,0.0314461,8.50789,-6.46779,0.674655,-0.161828,
176.3130,2,1,8684772,59,0.0327098,8.39214,-6.36194,0.677707,-0.168844,
176.6090,2,1,8684772,59,0.0285958,8.47392,-6.5798,0.691028,-0.186649,
176.8910,2,1,8685907,59,0.0300526,8.17007,-6.35925,0.630819,-0.19968,
177.1720,2,1,8685907,59,0.0306478,7.61401,-6.16141,0.643238,-0.193411,
177.4530,2,1,8685907,59,0.0322837,7.41816,-6.2497,0.607846,-0.1841,
177.7340,2,1,8685907,59,0.0330209,7.16801,-6.20499,0.595638,-0.178141,
178.0160,2,1,8687056,59,0.0344177,7.14013,-6.08859,0.584276,-0.177335,
178.3130,2,1,8687056,59,0.0341701,7.25929,-6.43544,0.641682,-0.158435,
178.6090,2,1,8687056,59,0.0347408,7.57308,-6.30577,0.635692,-0.14689,
178.8910,2,1,8687056,59,0.0361041,6.87111,-6.19555,0,-0.119994,
179.1720,2,1,8688205,59,0.0355218,7.4201,-7.45283,0,-0.141398,
179.4690,2,1,8688205,59,0.0364833,7.68712,-7.69513,0.276134,-0.151311,
179.7500,2,1,8688205,59,0.0394235,7.68998,-7.89393,0.591493,-0.147894,
180.0310,2,1,8688205,59,0.0377454,7.58333,-7.88134,0.629622,-0.159695,
180.3130,2,1,8689356,59,0.041454,7.8215,-8.10726,0.615762,-0.155723,
180.6250,2,1,8689356,59,0.0372477,8.06466,-8.11795,0.629646,-0.141142,
180.9060,2,1,8689356,59,0.0358404,8.56228,-7.969,0.610829,-0.127145,
181.1880,2,1,8689356,59,0.0322925,8.99628,-8.21084,0.626649,-0.106269,
181.4690,2,1,8690507,59,0.0361273,9.17529,-8.67266,0.665717,-0.106991,
181.7660,2,1,8690507,59,0.0370888,9.21147,-8.70359,0.593956,-0.115587,
182.0630,2,1,8690507,59,0.0398516,9.00879,-9.01352,0.639777,-0.14073,
182.3440,2,1,8690507,59,0.0417607,8.85397,-9.2493,0.6607,-0.125067,
182.6250,2,1,8691657,59,0.0384127,8.75437,-8.45584,0.231408,-0.0783224,
182.9220,2,1,8691657,59,0.0354203,9.0229,-8.52099,0.569175,-0.0916509,
183.2030,2,1,8691657,59,0.0348892,9.29636,-8.50188,0.640312,-0.101147,
183.4840,2,1,8691657,59,0.0328252,9.1642,-8.55011,0.625924,-0.116016,
183.7660,2,1,8692808,59,0.0326099,9.10893,-8.14751,0.562923,-0.123194,
184.0780,2,1,8692808,59,0.0365594,8.55695,-7.94047,0.518124,-0.124258,
184.3590,2,1,8692808,59,0.0340692,8.30641,-7.93478,0.486863,-0.114405,
184.6410,2,1,8692808,59,0.0332692,8.28007,-7.94127,0.505505,-0.127586,
184.9220,2,1,8693958,59,0.0339735,8.52634,-8.31658,0.56601,-0.108885,
185.2190,2,1,8693958,59,0.0302708,8.9877,-8.62627,0.604803,-0.107781,
185.5000,2,1,8693958,59,0.0366347,9.15069,-9.02777,0.578879,-0.105455,
185.7970,2,1,8693958,59,0.0442906,9.3389,-9.60985,0.608982,-0.0852449,
186.0780,2,1,8695109,59,0.0489163,9.20995,-9.3584,0.212504,-0.0747932,
186.3750,2,1,8695109,59,0.0350175,9.17626,-8.43841,0.535765,-0.110786,
186.6560,2,1,8695109,59,0.0334494,9.1733,-8.50268,0.699507,-0.177511,
186.9380,2,1,8695109,59,0.0343073,8.9977,-8.70274,0.686003,-0.169895,
187.2190,2,1,8696259,59,0.0323483,9.01449,-8.53836,0.65741,-0.179254,
187.5160,2,1,8696259,59,0.0303754,9.04821,-8.36235,0.618182,-0.147491,
187.8130,2,1,8696259,59,0.0357656,9.16852,-8.34985,0.585094,-0.135936,
188.0940,2,1,8696259,59,0.0368152,8.95043,-8.29928,0.569357,-0.141045,
188.3750,2,1,8697409,59,0.0349569,8.98517,-8.47482,0.630202,-0.133688,
188.6720,2,1,8697409,59,0.036517,9.17437,-8.81362,0.658745,-0.126009,
188.9530,2,1,8697409,59,0.0372313,9.28317,-9.14305,0.70061,-0.119662,
189.2340,2,1,8697409,59,0.027936,9.35778,-9.10104,0.669972,-0.103092,
189.5160,2,1,8698559,59,0.0259002,9.55863,-8.73582,0.72099,-0.102993,
189.8280,2,1,8698559,59,0.0257248,9.64951,-8.78074,0.721678,-0.0920787,
190.1090,2,1,8698559,59,0.0261019,9.65651,-9.38744,0.702909,-0.121921,
190.3910,2,1,8698559,59,0.0276401,9.72248,-9.59147,0.719577,-0.105523,
190.6560,2,1,8699693,59,0.0327264,9.50233,-10.2263,0.772859,-0.104929,
190.9530,2,1,8699693,59,0.0427574,9.22811,-10.0049,0.393593,-0.095651,
191.2340,2,1,8699693,59,0.0352428,9.34928,-9.99578,0.749125,-0.0841238,
191.5310,2,1,8699693,59,0.0343174,9.32924,-9.88029,0.801105,-0.0691871,
191.8130,2,1,8700843,59,0.0346505,9.19289,-9.96855,0.748526,-0.0624472,
192.1090,2,1,8700843,59,0.0346655,9.27931,-9.57044,0.747461,-0.0864588,
192.3910,2,1,8700843,59,0.0328203,9.21075,-9.39453,0.687786,-0.112511,
192.6720,2,1,8700843,59,0.028893,9.00417,-9.4945,0.721387,-0.142566,
192.9530,2,1,8701993,59,0.0316245,9.13025,-9.20039,0.695291,-0.156943,
193.2500,2,1,8701993,59,0.0326621,9.18812,-9.13729,0.643904,-0.121923,
193.5470,2,1,8701993,59,0.0321414,9.30864,-9.54023,0.617928,-0.145733,
193.8280,2,1,8701993,59,0.0324287,9.27532,-9.45768,0.657826,-0.136175,
194.1090,2,1,8703143,59,0.0300903,9.29313,-9.24755,0.652952,-0.113363,
194.4060,2,1,8703143,59,0.0320845,9.38523,-9.31779,0.639976,-0.0928338,
194.6880,2,1,8703143,59,0.0327414,9.311,-8.89668,0,-0.0739327,
194.9690,2,1,8703143,59,0.0332045,9.23145,-9.00512,0,-0.0768899,
195.2660,2,1,8704294,59,0.026695,9.26413,-9.20367,0,-0.101724,
195.5630,2,1,8704294,59,0.0287231,9.25741,-9.15986,0,-0.141638,
195.8440,2,1,8704294,59,0.0259451,8.94638,-8.96819,0.283077,-0.145493,
196.1250,2,1,8704294,59,0.0224347,8.65659,-8.36172,0.745328,-0.190344,
196.4060,2,1,8705444,59,0.0294059,8.54134,-7.84985,0.618836,-0.197838,
196.7030,2,1,8705444,59,0.0240432,7.84412,-6.93131,0.74043,-0.250021,
196.9840,2,1,8705444,59,0.0244943,7.61974,-6.41377,0.785796,-0.271295,
197.2810,2,1,8705444,59,0.0249724,7.51203,-6.9645,0.788039,-0.276965,
197.5630,2,1,8706594,58,0.0236302,7.5744,-6.899,0.772787,-0.266733,
197.8590,2,1,8706594,58,0.0252991,7.55487,-6.21912,0.726407,-0.267034,
198.1410,2,1,8706594,58,0.0296172,7.52822,-6.59434,0.745671,-0.268347,
198.4220,2,1,8706594,58,0.0320377,7.54197,-6.56723,0.788473,-0.26734,
198.7030,2,1,8707744,58,0.030101,7.4913,-6.62223,0.789419,-0.271358,
199.0160,2,1,8707744,58,0.0307662,7.40326,-6.49055,0.787689,-0.271632,
199.2970,2,1,8707744,58,0.0360031,7.09177,-6.2444,0.267033,-0.184649,
199.5780,2,1,8707744,58,0.0296079,7.42071,-6.59432,0.784757,-0.244552,
199.8590,2,1,8708894,58,0.0267672,7.43123,-6.88763,0.825817,-0.269133,
200.1560,2,1,8708894,58,0.0251252,7.53535,-7.01097,0.834926,-0.277545,
200.4380,2,1,8708894,58,0.0265681,7.42928,-6.57985,0.839121,-0.279633,
200.7190,2,1,8708894,58,0.0270756,7.53931,-7.07792,0.803762,-0.262905,
201.0160,2,1,8710044,58,0.0357346,7.54673,-6.87833,0.797666,-0.263672,
201.3130,2,1,8710044,58,0.0352683,7.76507,-6.68671,0.792697,-0.269047,
201.5940,2,1,8710044,58,0.0351279,7.79388,-6.79299,0.787771,-0.266843,
201.8750,2,1,8710044,58,0.0350676,7.8866,-6.83994,0.795297,-0.274105,
202.1560,2,1,8711195,58,0.0351115,7.8497,-6.79143,0.788733,-0.258378,
202.4530,2,1,8711195,58,0.0338428,8.01933,-7.12797,0.709075,-0.199908,
202.7500,2,1,8711195,58,0.0370666,7.84281,-7.69169,0.714956,-0.195059,
203.0310,2,1,8711195,58,0.0379783,8.17259,-7.735,0.692867,-0.180655,
203.2970,2,1,8712329,58,0.0342472,8.22328,-8.04879,0.69865,-0.181597,
203.5940,2,1,8712329,58,0.0242149,8.58839,-7.69314,0,-0.11154,
203.8750,2,1,8712329,58,0.021873,9.32776,-7.81478,0.0303648,-0.131909,
204.1560,2,1,8712329,58,0.0186336,9.16072,-8.28411,0.505272,-0.159071,
204.4380,2,1,8713479,58,0.017462,9.06394,-8.44237,0.627083,-0.154697,
204.7500,2,1,8713479,58,0.0149679,8.97605,-8.3411,0.668202,-0.152856,
205.0310,2,1,8713479,58,0.00902116,8.82215,-7.53113,0.733981,-0.185119,
205.3130,2,1,8713479,58,0.00865591,9.00443,-6.59807,0.735511,-0.193667,
205.5940,2,1,8714629,58,0.111242,8.76057,-6.95502,0.705991,-0.151054,
205.8910,2,1,8714629,58,0.0740021,8.3667,-8.43188,0.692803,-0.117155,
206.1720,2,1,8714629,58,0.0776019,8.65628,-8.52101,0.709734,-0.0717606,
206.4530,2,1,8714629,58,0.0584117,8.32341,-9.31881,0.757217,-0.118064,
206.7500,2,1,8715779,58,0.0437519,8.10425,-9.39207,0.796593,-0.173824,
207.0470,2,1,8715779,58,0.038385,7.91442,-9.16339,0.274172,-0.146262,
207.3280,2,1,8715779,58,0.0348596,8.35329,-9.41704,0.655146,-0.152831,
207.6090,2,1,8715779,58,0.029587,7.96787,-9.19158,0.813567,-0.178595,
207.8910,2,1,8716930,58,0.0328906,7.489,-9.10813,0.83514,-0.173823,
208.2030,2,1,8716930,58,0.0394101,7.17201,-9.32375,0.691676,-0.160607,
208.4840,2,1,8716930,58,0.0384329,7.58024,-9.55718,0.729592,-0.176785,
208.7660,2,1,8716930,58,0.0376839,7.33491,-9.67502,0.786689,-0.163227,
209.0470,2,1,8718081,58,0.0318692,7.29984,-10.0288,0.788939,-0.193239,
209.3440,2,1,8718081,58,0.0370571,7.35943,-10.1035,0.802798,-0.167679,
209.6250,2,1,8718081,58,0.0359967,7.37556,-10.0343,0.812904,-0.207481,
209.9060,2,1,8718081,58,0.0321476,7.47465,-10.2192,0.823176,-0.223145,
210.2030,2,1,8719231,58,0.0349116,7.44073,-10.0607,0.818499,-0.13693,
210.5000,2,1,8719231,58,0.0376835,7.35037,-10.1106,0.447883,-0.126484,
210.7810,2,1,8719231,58,0.0318359,7.68589,-10.0902,0.547365,-0.146826,
211.0630,2,1,8719231,58,0.0364507,7.66588,-10.2836,0.586361,-0.154368,
211.3440,2,1,8720381,58,0.0373785,7.81313,-10.2906,0.562586,-0.147305,
211.6410,2,1,8720381,58,0.0373872,7.72561,-10.2507,0.559983,-0.157786,
211.9380,2,1,8720381,58,0.0364637,7.96044,-10.37,0.527848,-0.143834,
212.2190,2,1,8720381,58,0.0373044,8.04347,-10.1394,0.52155,-0.139912,
212.5000,2,1,8721532,58,0.0407615,8.04054,-10.116,0.543006,-0.10582,
212.7970,2,1,8721532,58,0.0385373,8.1366,-10.006,0.566525,-0.136963,
213.0780,2,1,8721532,58,0.0393588,8.07519,-10.1392,0.553437,-0.144703,
213.3590,2,1,8721532,58,0.0388362,7.73206,-9.95098,0.265456,-0.0925278,
213.6410,2,1,8722682,58,0.0429866,7.63632,-10.433,0.374913,-0.0890648,
213.9530,2,1,8722682,58,0.041064,7.57914,-10.6936,0.587606,-0.0995558,
214.2340,2,1,8722682,58,0.0418536,7.64742,-10.4872,0.633012,-0.101351,
214.5160,2,1,8722682,58,0.0416338,7.21534,-10.3675,0.602301,-0.110915,
214.7970,2,1,8723833,58,0.0430045,7.25175,-10.2692,0.611885,-0.108055,
215.0940,2,1,8723833,58,0.0434829,7.19602,-10.2452,0.528693,-0.123372,
215.3750,2,1,8723833,58,0.0397189,7.07732,-10.3993,0.496353,-0.132657,
215.6560,2,1,8723833,58,0.0364968,6.88952,-10.5352,0.466971,-0.139952,
215.9530,2,1,8724983,58,0.0405071,7.14104,-10.3625,0.479357,-0.126406,
216.2500,2,1,8724983,58,0.0427049,7.11355,-10.3883,0.503419,-0.117995,
216.5310,2,1,8724983,58,0.0404582,7.33264,-10.4333,0.557051,-0.114511,
216.8130,2,1,8724983,58,0.0393285,7.62798,-10.1771,0.553147,-0.0811167,
217.0940,2,1,8726133,59,0.0387415,7.59653,-10.0033,0.274364,-0.066173,
217.3910,2,1,8726133,59,0.0436122,7.46855,-10.2291,0.436124,-0.0937484,
217.6880,2,1,8726133,59,0.0424114,7.38476,-10.4314,0.589763,-0.144465,
217.9690,2,1,8726133,59,0.0408685,7.35094,-10.449,0.633879,-0.164869,
218.2500,2,1,8727283,59,0.0410615,7.27875,-10.5496,0.652058,-0.164892,
218.5470,2,1,8727283,59,0.0466257,7.27821,-10.6006,0.647747,-0.172088,
218.8280,2,1,8727283,59,0.0447132,7.59813,-10.8041,0.580955,-0.136658,
219.1090,2,1,8727283,59,0.0458299,7.46473,-10.8398,0.6026,-0.132994,
219.3910,2,1,8728434,59,0.0461542,7.41366,-11.1837,0.565207,-0.136784,
219.7030,2,1,8728434,59,0.0488232,7.28391,-11.0559,0.699627,-0.110273,
219.9840,2,1,8728434,59,0.0451068,7.36673,-11.5056,0.260968,-0.0751741,
220.2660,2,1,8728434,59,0.0462185,7.60186,-11.5844,0.400247,-0.108462,
220.5470,2,1,8729584,59,0.04549,8.21644,-12.0417,0.593484,-0.107509,
220.8440,2,1,8729584,59,0.0444575,8.50727,-12.7555,0.627608,-0.117613,
221.1250,2,1,8729584,59,0.0402169,8.76097,-12.5441,0.633628,-0.136056,
221.4220,2,1,8729584,59,0.0414589,8.84305,-12.6326,0.60982,-0.118497,
221.7030,2,1,8730734,59,0.0391317,8.88698,-12.6412,0.661632,-0.112489,
222.0000,2,1,8730734,59,0.039256,9.06915,-12.7443,0.649972,-0.151448,
222.2810,2,1,8730734,59,0.0395767,8.99652,-12.8445,0.609746,-0.165795,
222.5630,2,1,8730734,59,0.0500359,8.10415,-12.9502,0.585293,-0.148038,
222.8440,2,1,8731885,59,0.0445689,7.59286,-12.4488,0.646848,-0.160464,
223.1410,2,1,8731885,59,0.0435077,7.21774,-12.2325,0.676909,-0.139637,
223.4380,2,1,8731885,59,0.0376119,6.84423,-12.0963,0.205099,-0.137491,
223.7190,2,1,8731885,59,0.043511,6.54327,-10.7765,0,-0.0831815,
224.0000,2,1,8733035,59,0.0419337,6.49029,-11.0983,0,-0.123264,
224.2970,2,1,8733035,59,0.0379034,6.31908,-11.2138,0,-0.133702,
224.5780,2,1,8733035,59,0.0381116,6.20116,-11.2465,0.419861,-0.138227,
224.8590,2,1,8733035,59,0.0383033,6.33467,-11.3008,0.569449,-0.151659,
225.1560,2,1,8734185,59,0.0395948,6.1977,-11.2046,0.583912,-0.140846,
225.4530,2,1,8734185,59,0.0441586,6.27079,-11.1347,0.590285,-0.117572,
225.7340,2,1,8734185,59,0.0423271,6.30292,-11.0526,0.588487,-0.123163,
226.0160,2,1,8734185,59,0.0438037,6.25578,-11.0274,0.539209,-0.142689,
226.2970,2,1,8735335,59,0.043062,6.16165,-10.716,0.542457,-0.136445,
226.5940,2,1,8735335,59,0.0421962,6.09295,-10.6502,0.534004,-0.129781,
226.8750,2,1,8735335,59,0.0430679,5.89309,-10.5303,0.566657,-0.118479,
227.1720,2,1,8735335,59,0.0429107,5.67998,-10.2839,0,-0.0991989,
227.4530,2,1,8736485,59,0.0458066,5.87146,-9.86667,0,-0.113618,
227.7500,2,1,8736485,59,0.0489399,5.67684,-10.0212,0.423916,-0.123789,
228.0310,2,1,8736485,59,0.0505635,5.50935,-10.0417,0.59537,-0.119471,
228.3130,2,1,8736485,59,0.0513739,5.50043,-10.1759,0.640814,-0.119251,
228.5940,2,1,8737635,59,0.0499073,5.70319,-10.5241,0.582835,-0.123825,
228.9060,2,1,8737635,59,0.0484836,5.86066,-10.4049,0.624971,-0.121485,
229.1880,2,1,8737635,59,0.0468099,5.75681,-10.6412,0.592708,-0.143218,
229.4690,2,1,8737635,59,0.0485406,5.53444,-10.7299,0.561527,-0.143179,
229.7500,2,1,8738786,59,0.0473085,5.43851,-10.8918,0.583296,-0.133783,
230.0470,2,1,8738786,59,0.0480263,5.52936,-10.7658,0.596525,-0.133946,
230.3280,2,1,8738786,59,0.0460837,5.60646,-10.8768,0.611075,-0.14678,
230.6090,2,1,8738786,59,0.0473552,5.74766,-10.8599,0.612738,-0.152707,
230.9060,2,1,8739936,59,0.0494906,6.0346,-10.3014,0.558801,-0.128945,
231.2030,2,1,8739936,59,0.0527398,6.19303,-10.1666,0.559216,-0.12754,
231.4840,2,1,8739936,59,0.0457413,6.69114,-10.1386,0.529265,-0.141997,
231.7660,2,1,8739936,59,0.0431227,6.78041,-9.91295,0.575662,-0.141035,
232.0470,2,1,8741086,59,0.0432173,6.47217,-9.8709,0.212691,-0.108338,
232.3440,2,1,8741086,59,0.0466176,6.43112,-9.77559,0.274261,-0.111493,
232.6410,2,1,8741086,59,0.0403044,6.75023,-9.96125,0.525085,-0.148087,
232.9220,2,1,8741086,59,0.0438633,6.4922,-10.1458,0.519099,-0.151981,
233.2030,2,1,8742236,59,0.0453635,6.37436,-10.2074,0.601649,-0.138921,
233.5000,2,1,8742236,59,0.047395,6.32761,-10.1366,0.320383,-0.0945226,
233.7810,2,1,8742236,59,0.0432701,6.626,-9.82603,0.570077,-0.121861,
234.0630,2,1,8742236,59,0.0428736,6.72036,-9.85881,0.631596,-0.144617,
234.3440,2,1,8743386,59,0.0391547,6.80141,-10.1305,0.623644,-0.127355,
234.6560,2,1,8743386,59,0.0417735,6.85399,-10.1885,0.624501,-0.145568,
234.9380,2,1,8743386,59,0.0435809,6.73445,-10.1694,0.60644,-0.148225,
235.2190,2,1,8743386,59,0.0436074,6.38324,-10.1176,0.55676,-0.157816,
235.5000,2,1,8744538,59,0.0403878,6.3424,-9.90953,0.571009,-0.15049,
235.7970,2,1,8744538,59,0.0401677,6.45586,-9.6627,0.554668,-0.150909,
236.0780,2,1,8744538,59,0.0381145,6.238,-9.80495,0.555921,-0.157878,
236.3590,2,1,8744538,59,0.0416603,6.13228,-10.0755,0.523016,-0.13302,
236.6560,2,1,8745687,59,0.0429296,6.20711,-10.1939,0.548735,-0.132546,
236.9530,2,1,8745687,59,0.041933,6.25855,-10.2746,0.541471,-0.127227,
237.2340,2,1,8745687,59,0.0375221,6.26171,-10.5314,0.504039,-0.126359,
237.5160,2,1,8745687,59,0.0411234,6.3943,-10.5728,0.488594,-0.116967,
237.7970,2,1,8746837,59,0.0430648,6.22863,-10.3276,0.189301,-0.0858839,
238.0940,2,1,8746837,59,0.0462191,6.499,-9.8948,0.412765,-0.105665,
238.3910,2,1,8746837,59,0.0430647,6.50807,-9.97335,0.653942,-0.13996,
238.6720,2,1,8746837,59,0.0456167,6.7375,-9.84706,0.711419,-0.153158,
238.9530,2,1,8747988,59,0.0487516,6.80051,-9.49307,0.72133,-0.172742,
239.2500,2,1,8747988,59,0.0472246,6.91383,-9.4801,0.722117,-0.189321,
239.5310,2,1,8747988,59,0.04548,6.95169,-9.65681,0.696666,-0.186106,
239.8130,2,1,8747988,59,0.0433698,6.85755,-10.0104,0.683742,-0.198211,
240.0940,2,1,8749137,59,0.0453084,6.92554,-9.98706,0.69069,-0.190188,
240.4060,2,1,8749137,59,0.046308,6.86641,-10.3389,0.668831,-0.195539,
240.6880,2,1,8749137,59,0.0460038,6.75665,-10.5105,0.703376,-0.196346,
240.9690,2,1,8749137,59,0.0458803,6.72933,-10.5262,0.665452,-0.161187,
241.2340,2,1,8750271,59,0.0482819,6.86271,-10.5869,0.681239,-0.157617,
241.5310,2,1,8750271,59,0.0515396,6.84736,-10.3232,0.352727,-0.0971672,
241.8130,2,1,8750271,59,0.0456243,7.13653,-10.6967,0.639028,-0.0963244,
242.1090,2,1,8750271,59,0.0510972,7.21052,-11.3557,0.659051,-0.128153,
242.3910,2,1,8751406,59,0.0487546,7.05842,-10.9462,0.66449,-0.113418,
242.6720,2,1,8751406,59,0.0493785,6.83839,-11.0917,0.645211,-0.114741,
242.9530,2,1,8751406,59,0.0467319,6.76082,-10.7562,0.590931,-0.136905,
243.2340,2,1,8751406,59,0.0447336,6.61704,-10.7234,0.577644,-0.151051,
243.5160,2,1,8752555,59,0.0444825,6.59974,-10.6233,0.570676,-0.150227,
243.8130,2,1,8752555,59,0.0420779,6.6077,-10.6698,0.572963,-0.146655,
244.1090,2,1,8752555,59,0.0452271,6.62044,-10.9054,0.573376,-0.148156,
244.3910,2,1,8752555,59,0.0444648,6.74627,-11.1534,0.614313,-0.135589,
244.6720,2,1,8753705,59,0.0408143,6.86213,-11.537,0.63266,-0.164206,
244.9690,2,1,8753705,59,0.0421965,6.86319,-11.5565,0.623139,-0.178555,
245.2500,2,1,8753705,59,0.0388423,6.89919,-11.7518,0.620973,-0.182348,
245.5310,2,1,8753705,59,0.0475778,7.26289,-11.1153,0.721896,-0.12401,
245.8130,2,1,8754855,59,0.0494388,7.06399,-11.0554,0.732015,-0.117007,
246.1250,2,1,8754855,59,0.0499259,7.00376,-10.7933,0.649996,-0.102233,
246.4060,2,1,8754855,59,0.045297,7.00597,-10.7233,0.679265,-0.106415,
246.6880,2,1,8754855,59,0.0463783,7.15142,-10.8139,0.633387,-0.13516,
246.9690,2,1,8756005,59,0.0440958,7.00136,-11.2186,0.555563,-0.158041,
247.2660,2,1,8756005,59,0.0461894,6.97245,-11.3434,0.559625,-0.152176,
247.5470,2,1,8756005,59,0.0434561,7.04725,-11.1649,0.609012,-0.15351,
247.8440,2,1,8756005,59,0.0463744,7.0412,-10.8874,0,-0.0964776,
248.1250,2,1,8757156,59,0.0449113,7.13383,-11.1224,0.0433916,-0.120527,
248.4220,2,1,8757156,59,0.0394538,7.22344,-11.2073,0.633713,-0.150811,
248.7030,2,1,8757156,59,0.0410074,7.14101,-11.1044,0.643114,-0.143762,
248.9840,2,1,8757156,59,0.0417301,7.18033,-11.0648,0.643474,-0.15762,
249.2660,2,1,8758306,59,0.0447927,7.2138,-11.2475,0.726903,-0.158651,
249.5630,2,1,8758306,59,0.0515942,7.35047,-11.2051,0.845196,-0.121899,
249.8590,2,1,8758306,59,0.0463885,6.93352,-11.0775,0.835501,-0.162913,
250.1410,2,1,8758306,59,0.045869,6.75285,-11.2726,0.759531,-0.168446,
250.4220,2,1,8759456,59,0.0481002,6.89427,-11.2665,0.701883,-0.134808,
250.7190,2,1,8759456,59,0.0447254,6.82519,-11.2998,0.688816,-0.166091,
251.0000,2,1,8759456,59,0.0422356,6.7795,-11.3453,0.690323,-0.149635,
251.2810,2,1,8759456,59,0.0436051,6.56355,-11.4956,0.495312,-0.15036,
251.5630,2,1,8760606,59,0.0376355,6.74677,-11.5866,0.570881,-0.160677,
251.8750,2,1,8760606,59,0.0389812,7.00912,-11.5611,0.58632,-0.161886,
252.1560,2,1,8760606,59,0.0382317,7.13413,-11.8204,0.530892,-0.168281,
252.4380,2,1,8760606,59,0.0422975,6.84591,-11.2903,0.571266,-0.169516,
252.7190,2,1,8761756,59,0.0452567,6.54816,-10.826,0.598057,-0.148824,
253.0160,2,1,8761756,59,0.0457449,6.46391,-10.5821,0.554396,-0.146909,
253.2970,2,1,8761756,59,0.0429217,6.26425,-10.6246,0.56645,-0.142714,
253.5940,2,1,8761756,59,0.042188,6.15592,-10.5107,0.567758,-0.13642,
253.8750,2,1,8762908,59,0.043322,6.00084,-10.5261,0.534322,-0.139818,
254.1720,2,1,8762908,59,0.0430995,5.80724,-10.7914,0.589699,-0.151305,
254.4530,2,1,8762908,59,0.0395858,5.96749,-10.7573,0.549065,-0.155385,
254.7340,2,1,8762908,59,0.0378222,6.1126,-10.9554,0.508636,-0.148195,
255.0160,2,1,8764056,59,0.0380418,6.28966,-11.1852,0.538454,-0.135219,
255.3130,2,1,8764056,59,0.0431873,6.42299,-11.1157,0.569066,-0.139711,
255.6090,2,1,8764056,59,0.0428737,6.32426,-10.9026,0,-0.127168,
255.8910,2,1,8764056,59,0.0405884,6.53773,-11.014,0.525629,-0.14739,
256.1720,2,1,8765206,59,0.0397682,6.52656,-11.0753,0.663348,-0.153971,
256.4690,2,1,8765206,59,0.0420411,6.57226,-11.1696,0.647478,-0.142123,
256.7500,2,1,8765206,59,0.0434716,6.67904,-11.2808,0.628164,-0.129524,
257.0310,2,1,8765206,59,0.0409561,6.78325,-11.2867,0.606362,-0.154946,
257.3280,2,1,8766357,59,0.0440162,6.78788,-11.205,0.68378,-0.118078,
257.6250,2,1,8766357,59,0.0446576,6.92113,-11.1361,0.614784,-0.151013,
257.8910,2,1,8766357,59,0.0400267,6.96128,-11.3464,0.50932,-0.158649,
258.1720,2,1,8766357,59,0.038835,6.99742,-11.5105,0.581059,-0.166807,
258.4530,2,1,8767490,59,0.0410715,7.06347,-11.7938,0.592084,-0.156182,
258.7500,2,1,8767490,59,0.0382851,6.92163,-11.392,0.287816,-0.144426,
259.0310,2,1,8767490,59,0.0400269,6.91565,-11.2853,0.479496,-0.120166,
259.3280,2,1,8767490,59,0.0395661,7.20405,-11.8109,0.637682,-0.121536,
259.6090,2,1,8768640,59,0.0392641,7.06227,-11.848,0.723402,-0.168585,
259.9060,2,1,8768640,59,0.0385818,6.91836,-11.7798,0.784743,-0.155938,
260.1880,2,1,8768640,59,0.0408982,6.87693,-11.436,0.731109,-0.135891,
260.4690,2,1,8768640,59,0.0385794,6.87248,-11.0508,0.691185,-0.181231,
260.7500,2,1,8769791,59,0.042008,6.91615,-10.9456,0.787082,-0.166048,
261.0470,2,1,8769791,59,0.0426568,6.62851,-11.0613,0.783984,-0.182162,
261.3440,2,1,8769791,59,0.0421537,6.8014,-10.8934,0.766578,-0.165219,
261.6250,2,1,8769791,59,0.0399726,6.57553,-10.8994,0.737803,-0.174266,
261.9060,2,1,8770941,59,0.035225,6.33559,-11.0786,0.592889,-0.144826,
262.2030,2,1,8770941,59,0.0387094,6.28029,-11.151,0.596765,-0.146135,
262.4840,2,1,8770941,59,0.034955,6.3592,-11.2487,0.567331,-0.1513,
262.7660,2,1,8770941,59,0.0374349,6.00185,-11.4031,0.262773,-0.0898739,
263.0470,2,1,8772091,59,0.0402259,6.29974,-11.3852,0.652161,-0.123506,
263.3590,2,1,8772091,59,0.0457447,6.54251,-11.4463,0.70187,-0.124549,
263.6410,2,1,8772091,59,0.0409234,6.53011,-11.6492,0.65692,-0.145588,
263.9220,2,1,8772091,59,0.0446088,6.63393,-11.2716,0.630086,-0.140783,
264.2030,2,1,8773241,59,0.0461124,6.7137,-11.043,0.624298,-0.120389,
264.5000,2,1,8773241,59,0.0446599,6.55901,-11.0974,0.5609,-0.13136,
264.7810,2,1,8773241,59,0.0418018,6.59078,-10.9073,0.623165,-0.153504,
265.0780,2,1,8773241,59,0.042649,6.57811,-10.7275,0.602123,-0.153157,
265.3590,2,1,8774391,59,0.0411629,6.6891,-10.8853,0.562751,-0.163763,
265.6560,2,1,8774391,59,0.0445008,6.53907,-10.912,0.57492,-0.1425,
265.9380,2,1,8774391,59,0.0445277,6.58453,-11.0623,0.589565,-0.140666,
266.2190,2,1,8774391,59,0.0441687,6.46409,-11.0023,0.574526,-0.132927,
266.5000,2,1,8775541,59,0.0430046,6.5148,-10.6477,0.593101,-0.16597,
266.8130,2,1,8775541,59,0.042329,6.50488,-10.6115,0.193319,-0.113713,
267.0940,2,1,8775541,59,0.0427462,6.41449,-10.3582,0,-0.0823257,
267.3750,2,1,8775541,59,0.0408363,6.27534,-10.1828,0,-0.0766091,
267.6560,2,1,8776691,59,0.0422452,6.37548,-10.4454,0.0417147,-0.133894,
267.9530,2,1,8776691,59,0.0406321,6.34171,-10.6817,0.597839,-0.164473,
268.2340,2,1,8776691,59,0.0408196,6.30365,-10.7984,0.654219,-0.156107,
268.5160,2,1,8776691,59,0.0434207,6.48287,-10.8091,0.694808,-0.13851,
268.8130,2,1,8777842,59,0.0434637,6.56284,-10.8583,0.664731,-0.130799,
269.1090,2,1,8777842,59,0.0423129,6.47052,-10.7162,0.702409,-0.149201,
269.3910,2,1,8777842,59,0.0437268,6.41511,-10.7198,0.674532,-0.169615,
269.6720,2,1,8777842,59,0.0444385,6.27818,-10.8512,0.711127,-0.204219,
269.9530,2,1,8778992,59,0.0473113,6.1796,-10.6803,0,-0.123077,
270.2500,2,1,8778992,59,0.0432796,6.38265,-10.8987,0.486952,-0.144112,
270.5470,2,1,8778992,59,0.0397093,6.58234,-10.8996,0.688713,-0.172535,
270.8280,2,1,8778992,59,0.0394121,6.56139,-10.7427,0.678027,-0.155449,
271.1090,2,1,8780143,59,0.0423692,6.34859,-10.6806,0.649318,-0.14381,
271.4060,2,1,8780143,59,0.0420628,6.2917,-11.0365,0.64322,-0.132844,
271.6880,2,1,8780143,59,0.0414593,6.56543,-10.9022,0.625263,-0.138552,
271.9690,2,1,8780143,59,0.044742,6.63853,-11.0592,0.617475,-0.143836,
272.2500,2,1,8781293,59,0.0503787,6.82742,-11.0432,0.578343,-0.104897,
272.5630,2,1,8781293,59,0.0465587,6.7469,-10.978,0.575676,-0.119786,
272.8440,2,1,8781293,59,0.0410821,6.57496,-10.8959,0.565406,-0.150004,
273.1250,2,1,8781293,59,0.043563,6.15496,-10.9435,0.184247,-0.125006,
273.4060,2,1,8782444,59,0.050973,6.33007,-10.5868,0.574696,-0.103736,
273.7030,2,1,8782444,59,0.0486245,6.46994,-10.4561,0.670962,-0.107547,
273.9840,2,1,8782444,59,0.0466188,6.48392,-10.7595,0.656704,-0.126118,
274.2810,2,1,8782444,59,0.0432975,6.59912,-10.506,0.597569,-0.140564,
274.5630,2,1,8783594,59,0.0402678,6.66195,-10.5576,0.588894,-0.151423,
274.8590,2,1,8783594,59,0.0432541,6.74239,-10.6223,0.578243,-0.152344,
275.1410,2,1,8783594,59,0.0424989,6.57444,-10.7378,0.564351,-0.153665,
275.4220,2,1,8783594,59,0.0476685,6.57826,-10.7913,0.567454,-0.121261,
275.7030,2,1,8784744,59,0.0472747,6.68463,-10.717,0.586688,-0.131254,
276.0000,2,1,8784744,59,0.044076,6.5339,-10.7343,0.580635,-0.134871,
276.2970,2,1,8784744,59,0.0466982,6.30429,-10.9921,0.576129,-0.152901,
276.5780,2,1,8784744,59,0.0443063,6.5982,-11.3434,0.589481,-0.165601,
276.8590,2,1,8785894,59,0.0442906,6.45917,-11.1347,0.556339,-0.145021,
277.1560,2,1,8785894,59,0.0426143,6.45697,-10.8729,0.581566,-0.146626,
277.4380,2,1,8785894,59,0.0477701,6.51045,-10.8399,0.54456,-0.109163,
277.7190,2,1,8785894,59,0.0484418,6.56086,-10.7787,0.545046,-0.126527,
278.0160,2,1,8787044,59,0.0500477,6.18247,-10.3732,0,-0.090126,
278.3130,2,1,8787044,59,0.0483926,6.20629,-10.2521,0,-0.10023,
278.5940,2,1,8787044,59,0.0469614,6.30368,-10.3915,0,-0.141274,
278.8750,2,1,8787044,59,0.0452642,6.22435,-10.3177,0,-0.124486,
279.1560,2,1,8788194,59,0.0457557,6.36737,-10.3308,0,-0.10062,
279.4530,2,1,8788194,59,0.0500346,6.44672,-10.2226,0,-0.0995775,
279.7340,2,1,8788194,59,0.0435754,6.54381,-10.0884,0,-0.104763,
280.0310,2,1,8788194,59,0.0455566,6.23744,-10.0831,0,-0.110508,
280.3130,2,1,8789344,59,0.044242,6.10159,-10.2711,0,-0.103388,
280.6090,2,1,8789344,59,0.04498,6.16888,-10.291,0,-0.0876216,
280.8910,2,1,8789344,59,0.0463147,6.20667,-10.3889,0,-0.0903169,
281.1720,2,1,8789344,59,0.0425349,6.19474,-10.7682,0,-0.0816838,
281.4530,2,1,8790494,59,0.0428754,6.14798,-10.7031,0,-0.0964613,
281.7660,2,1,8790494,59,0.0411101,6.32284,-10.8494,0,-0.102452,
282.0470,2,1,8790494,59,0.0434057,6.38374,-10.9804,0,-0.0990483,
282.3280,2,1,8790494,59,0.0460698,6.32764,-10.6939,0,-0.108783,
282.6090,2,1,8791645,58,0.0475315,6.00231,-10.5436,0,-0.117959,
282.9060,2,1,8791645,58,0.0500902,6.17518,-10.5,0,-0.103338,
283.1880,2,1,8791645,58,0.0538859,5.97253,-10.2366,0,-0.0971531,
283.4690,2,1,8791645,58,0.0514038,6.06241,-10.0989,0,-0.0982585,
283.7660,2,1,8792795,58,0.0459019,6.016,-10.2446,0.294846,-0.109686,
284.0630,2,1,8792795,58,0.0415907,6.08297,-10.4098,0.660723,-0.141447,
284.3440,2,1,8792795,58,0.0440537,6.14369,-10.3578,0.507263,-0.110457,
284.6250,2,1,8792795,58,0.0456555,6.05848,-10.2593,0.512234,-0.104414,
284.9060,2,1,8793945,58,0.0480559,6.00026,-10.1021,0.537714,-0.117327,
285.2030,2,1,8793945,58,0.0479143,5.97379,-10.0792,0.564686,-0.120229,
285.5000,2,1,8793945,58,0.0436577,6.19786,-10.4261,0.501195,-0.116755,
285.7810,2,1,8793945,58,0.0422131,5.92446,-10.8268,0.445293,-0.10771,
286.0630,2,1,8795096,58,0.0454185,6.13845,-10.9637,0.470301,-0.103494,
286.3590,2,1,8795096,58,0.0452299,6.20875,-10.9367,0.534849,-0.0926994,
286.6410,2,1,8795096,58,0.0441907,6.29542,-10.829,0.456535,-0.109102,
286.9220,2,1,8795096,58,0.0444247,6.25628,-10.7492,0.405368,-0.104886,
287.2030,2,1,8796246,58,0.0426652,5.9381,-10.9295,0.525179,-0.116656,
287.5160,2,1,8796246,58,0.0435482,6.15843,-10.7294,0.585501,-0.134088,
287.7970,2,1,8796246,58,0.0449939,6.5203,-10.5864,0,-0.11012,
288.0780,2,1,8796246,58,0.0460706,6.5731,-10.5774,0.424849,-0.111832,
288.3590,2,1,8797396,58,0.0475945,6.59556,-10.2559,0.702371,-0.119118,
288.6560,2,1,8797396,58,0.0522066,6.4029,-10.1697,0.752346,-0.0963134,
288.9380,2,1,8797396,58,0.0522395,6.13969,-9.97453,0.74666,-0.11025,
289.2340,2,1,8797396,58,0.0480312,6.12378,-9.50768,0.719157,-0.129584,
289.5160,2,1,8798547,58,0.0452354,6.18399,-9.60379,0.698291,-0.161915,
289.8130,2,1,8798547,58,0.046569,5.8528,-9.67169,0.70161,-0.176909,
290.0940,2,1,8798547,58,0.041588,6.33561,-9.52699,0.674717,-0.139875,
290.3750,2,1,8798547,58,0.0424319,6.55416,-9.76143,0.617423,-0.135797,
290.6560,2,1,8799697,58,0.0432735,6.42918,-9.59456,0.618599,-0.144055,
290.9530,2,1,8799697,58,0.0427852,6.32478,-9.50118,0.607977,-0.155296,
291.2500,2,1,8799697,58,0.0431191,6.42699,-9.46819,0.606568,-0.150565,
291.5310,2,1,8799697,58,0.0444202,6.33039,-9.62858,0.546619,-0.139808,
291.8130,2,1,8800847,58,0.0436782,6.37413,-9.70977,0.51403,-0.133559,
292.1090,2,1,8800847,58,0.0455053,6.40373,-9.59023,0.520007,-0.132387,
292.3910,2,1,8800847,58,0.0444614,6.50943,-9.75623,0.510187,-0.117188,
292.6720,2,1,8800847,58,0.0443472,6.4093,-9.913,0.468869,-0.107886,
292.9690,2,1,8801997,58,0.0474701,6.04871,-10.0698,0.174422,-0.0848382,
293.2660,2,1,8801997,58,0.0456268,6.32627,-10.2893,0.443519,-0.0903491,
293.5310,2,1,8801997,58,0.0458153,6.46844,-10.187,0.485492,-0.0910402,
293.8130,2,1,8801997,58,0.0459851,6.32226,-10.3111,0.44243,-0.110447,
294.0940,2,1,8803131,58,0.0449722,6.21278,-10.3503,0.374937,-0.116362,
294.3910,2,1,8803131,58,0.0450094,6.32953,-10.624,0.451673,-0.103113,
294.6720,2,1,8803131,58,0.0422659,6.51724,-10.6153,0.522738,-0.127759,
294.9690,2,1,8803131,58,0.0411376,6.56573,-10.7768,0.482537,-0.125637,
295.2500,2,1,8804281,58,0.040511,6.66314,-10.7017,0.49608,-0.115738,
295.5470,2,1,8804281,58,0.0405067,6.75939,-10.6414,0.499313,-0.121648,
295.8280,2,1,8804281,58,0.0401366,6.66344,-10.4328,0.479509,-0.113372,
296.1090,2,1,8804281,58,0.0430034,6.69703,-10.4797,0.445679,-0.116229,
296.3910,2,1,8805432,58,0.0462102,6.33035,-10.0774,0,-0.101417,
296.7030,2,1,8805432,58,0.0460564,6.32613,-10.2193,0,-0.0921727,
296.9840,2,1,8805432,58,0.0457193,6.40526,-10.3652,0,-0.0924145,
297.2660,2,1,8805432,58,0.0409515,6.49654,-10.3747,0,-0.100635,
297.5310,2,1,8806566,58,0.0397816,6.23688,-10.5823,0,-0.0979906,
297.8280,2,1,8806566,58,0.0400695,6.21794,-10.678,0,-0.081407,
298.1090,2,1,8806566,58,0.0415309,6.33132,-10.8626,0,-0.0890291,
298.3910,2,1,8806566,58,0.0397228,6.36601,-10.6498,0,-0.0933145,
298.6880,2,1,8807716,58,0.0378467,6.55767,-10.7274,0,-0.119935,
298.9840,2,1,8807716,58,0.0411454,6.34411,-10.8167,0,-0.0996419,
299.2660,2,1,8807716,58,0.0431809,6.42316,-10.9906,0,-0.101753,
299.5470,2,1,8807716,58,0.0425532,6.80616,-10.9648,0,-0.112819,
299.8280,2,1,8808866,58,0.0407204,6.61474,-11.0383,0,-0.110232,
300.1250,2,1,8808866,58,0.0416658,6.48266,-11.0165,0,-0.104519,
300.4060,2,1,8808866,58,0.0433335,6.51083,-10.9059,0,-0.107727,
300.7030,2,1,8808866,58,0.0402891,6.62512,-10.9059,0,-0.102179,
300.9840,2,1,8810016,58,0.0402972,6.68486,-11.0144,0,-0.088589,
301.2810,2,1,8810016,58,0.0405871,6.66073,-10.9581,0,-0.104967,
301.5630,2,1,8810016,58,0.0399071,6.45553,-10.7953,0,-0.115053,
301.8440,2,1,8810016,58,0.0403474,6.38717,-10.7448,0,-0.108322,
302.1250,2,1,8811166,58,0.0425531,6.23795,-10.2472,0,-0.0871402,
302.4380,2,1,8811166,58,0.0436547,6.13725,-10.1752,0,-0.0934117,
302.7190,2,1,8811166,58,0.0372421,6.09665,-10.4736,0,-0.103502,
303.0000,2,1,8811166,58,0.0383169,6.26183,-10.744,0,-0.1172,
303.2810,2,1,8812316,59,0.0413664,6.06183,-10.8149,0,-0.0983966,
303.5780,2,1,8812316,59,0.0408054,6.18752,-10.5528,0,-0.107559,
303.8590,2,1,8812316,59,0.0416811,6.16364,-10.2271,0,-0.0944198,
304.1410,2,1,8812316,59,0.044127,6.35096,-9.95118,0,-0.0932583,
304.4380,2,1,8813466,59,0.0417676,6.12848,-9.93305,0,-0.109061,
304.7340,2,1,8813466,59,0.0432127,6.21911,-9.37072,0,-0.109085,
305.0160,2,1,8813466,59,0.0421541,6.42713,-9.20865,0,-0.115188,
305.2970,2,1,8813466,59,0.0418835,6.57197,-9.0982,0,-0.12442,
305.5780,2,1,8814617,59,0.0387498,6.6245,-9.20446,0,-0.103079,
305.8750,2,1,8814617,59,0.0370716,6.51347,-9.10823,0,-0.0983876,
306.1720,2,1,8814617,59,0.0366893,6.31134,-9.35932,0,-0.112796,
306.4530,2,1,8814617,59,0.0388896,6.41482,-9.31662,0,-0.108607,
306.7340,2,1,8815767,59,0.041367,6.4843,-9.63682,0,-0.116473,
307.0310,2,1,8815767,59,0.0406637,6.56347,-9.90142,0,-0.126145,
307.3130,2,1,8815767,59,0.0409425,6.40975,-10.024,0,-0.10478,
307.5940,2,1,8815767,59,0.0416413,6.68233,-10.3586,0,-0.0998606,
307.8750,2,1,8816917,59,0.0444654,6.69879,-10.3394,0,-0.106503,
308.1880,2,1,8816917,59,0.0408347,6.66119,-10.3283,0,-0.121019,
308.4690,2,1,8816917,59,0.0393503,6.86117,-10.2211,0,-0.13672,
308.7500,2,1,8816917,59,0.04148,6.91395,-10.2204,0,-0.112755,
309.0310,2,1,8818068,59,0.0409208,6.88852,-10.1706,0,-0.10432,
309.3280,2,1,8818068,59,0.0380921,6.60734,-10.2879,0,-0.114991,
309.6090,2,1,8818068,59,0.037903,6.43439,-10.4775,0,-0.134579,
309.8910,2,1,8818068,59,0.0414304,6.40221,-10.5445,0,-0.113114,
310.1880,2,1,8819218,59,0.0349336,7.8697,-9.6946,0,-0.0752007,
310.4840,2,1,8819218,59,0.0384631,8.57124,-9.40204,0,-0.0839716,
310.7500,2,1,8819218,59,0.0359042,9.51061,-8.48872,0,-0.099571,
311.0310,2,1,8819218,59,0.039244,9.10834,-9.13872,0,-0.0693712,
311.3130,2,1,8820351,59,0.0434211,8.52278,-10.3,0,-0.0150126,
311.6090,2,1,8820351,59,0.0460748,8.06709,-11.5906,0,0.0120515,
311.8910,2,1,8820351,59,0.0519621,6.78645,-12.4634,0,-0.0140973,
312.1880,2,1,8820351,59,0.0526911,5.81917,-12.1432,0,-0.0275196,
312.4690,2,1,8821501,59,0.0455065,5.91201,-10.0722,0.0528181,-0.137739,
312.7660,2,1,8821501,59,0.0420308,6.38848,-8.26545,0.598381,-0.15424,
313.0470,2,1,8821501,59,0.0382707,7.53025,-6.91174,0.59131,-0.154651,
313.3280,2,1,8821501,59,0.036778,8.73798,-9.19756,0.456248,-0.149792,
313.6090,2,1,8822652,59,0.0425411,8.04489,-10.3001,0.411309,-0.123788,
313.9220,2,1,8822652,59,0.0405404,6.80946,-10.6417,0.409705,-0.128415,
314.2030,2,1,8822652,59,0.0399126,6.95106,-10.7641,0.513165,-0.0987652,
314.4840,2,1,8822652,59,0.0388342,7.39408,-11.0315,0.597724,-0.102338,
314.7660,2,1,8823787,59,0.0410746,7.53975,-11.591,0.54338,-0.141944,
315.0470,2,1,8823787,59,0.0393226,7.67161,-11.9354,0.494939,-0.16553,
315.3280,2,1,8823787,59,0.0380705,7.78264,-11.8204,0.512056,-0.1649,
315.6090,2,1,8823787,59,0.0435073,7.91139,-11.8003,0.475358,-0.124981,
315.9060,2,1,8824936,59,0.0438101,7.71847,-11.7981,0.422563,-0.114178,
316.2030,2,1,8824936,59,0.0450645,7.65081,-11.7434,0.438259,-0.117851,
316.4840,2,1,8824936,59,0.0473718,7.72506,-11.9881,0.383642,-0.113731,
316.7660,2,1,8824936,59,0.0474544,7.85825,-12.0253,0.412485,-0.114996,
317.0310,2,1,8826069,59,0.0453887,7.9737,-12.3787,0.422016,-0.119095,
317.3280,2,1,8826069,59,0.0518129,7.92841,-12.4735,0.390009,-0.100855,
317.6250,2,1,8826069,59,0.0540371,8.115,-12.7162,0.37184,-0.0925805,
317.9060,2,1,8826069,59,0.0524319,8.22695,-12.6665,0.438471,-0.0851467,
318.1880,2,1,8827221,59,0.054847,8.11586,-12.5322,0.414734,-0.091746,
318.4840,2,1,8827221,59,0.0511958,8.20286,-12.4563,0.439958,-0.0950344,
318.7660,2,1,8827221,59,0.0558026,8.33072,-12.5805,0.398293,-0.0929856,
319.0470,2,1,8827221,59,0.0605231,8.27613,-12.9615,0.200278,-0.0500808,
319.3440,2,1,8828370,59,0.0579169,8.27436,-12.7379,0.392149,-0.103016,
319.6410,2,1,8828370,59,0.0517206,8.24613,-12.6206,0.42058,-0.107287,
319.9060,2,1,8828370,59,0.0515026,8.17582,-12.9016,0.439906,-0.107138,
320.1720,2,1,8828370,59,0.0500416,8.06718,-12.8954,0.448646,-0.104059,
320.4380,2,1,8829472,59,0.0540571,7.93941,-12.9434,0.446338,-0.133447,
320.7340,2,1,8829472,59,0.0519218,7.78983,-12.9353,0.457387,-0.117746,
321.0160,2,1,8829472,59,0.047941,7.76143,-12.2696,0.437886,-0.106809,
321.3130,2,1,8829472,59,0.0506143,7.23904,-12.0138,0.391398,-0.103139,
321.5940,2,1,8830624,59,0.0461329,7.20156,-12.2311,0.455602,-0.105071,
321.8910,2,1,8830624,59,0.0496019,7.08068,-12.8389,0.378171,-0.103275,
322.1720,2,1,8830624,59,0.0595329,7.1382,-13.1777,0.398897,-0.099979,
322.4530,2,1,8830624,59,0.0633959,7.19932,-13.0182,0.396306,-0.0961886,
322.7340,2,1,8831774,59,0.0597874,7.16528,-12.974,0.363331,-0.113507,
323.0310,2,1,8831774,59,0.0625161,7.14832,-12.8846,0.412946,-0.108642,
323.3280,2,1,8831774,59,0.0503999,7.33345,-12.479,0.411501,-0.121045,
323.6090,2,1,8831774,59,0.0532731,7.27491,-12.1701,0.439386,-0.105266,
323.8910,2,1,8832923,59,0.0460768,7.09956,-11.9052,0.428537,-0.0833191,
324.1880,2,1,8832923,59,0.0475405,6.85104,-11.588,0.472368,-0.0789383,
324.4690,2,1,8832923,59,0.046951,6.77188,-11.3576,0.435011,-0.0842061,
324.7340,2,1,8832923,59,0.0566238,6.82061,-10.9023,0.262729,-0.0762614,
325.0160,2,1,8834044,59,0.0597585,6.83573,-10.3201,0.745983,0.0359387,
325.3130,2,1,8834044,59,0.0554545,6.78085,-9.70011,0.923936,0.0932898,
325.5940,2,1,8834044,59,0.0594737,6.88407,-9.26333,0.883528,-0.0143409,
325.8750,2,1,8834044,59,0.0483667,6.41651,-9.07581,0.405769,-0.124237,
326.1560,2,1,8835195,58,0.0503757,6.18559,-9.64984,0.321415,-0.0935689,
326.4530,2,1,8835195,58,0.0514823,6.35936,-10.5414,0.470714,-0.124256,
326.7500,2,1,8835195,58,0.0502406,6.73737,-10.8186,0.526973,-0.140514,
327.0310,2,1,8835195,58,0.0467736,6.81832,-11.0706,0.64206,-0.172565,
327.3130,2,1,8836345,58,0.0432709,6.85077,-11.288,0.690238,-0.184438,
327.6090,2,1,8836345,58,0.0433278,6.74986,-11.5863,0.696966,-0.18422,
327.8910,2,1,8836345,58,0.044387,6.74185,-11.9284,0.733569,-0.16266,
328.1720,2,1,8836345,58,0.0448762,6.7717,-11.7648,0.723614,-0.159472,
328.4380,2,1,8837479,58,0.0488694,6.54939,-11.007,0.706724,-0.144481,
328.7500,2,1,8837479,58,0.047628,6.05655,-10.4217,0.664959,-0.167761,
329.0310,2,1,8837479,58,0.0475328,7.08564,-9.91233,0.651852,-0.157592,
329.3130,2,1,8837479,58,0.0399522,7.71558,-10.3357,0.615003,-0.139877,
329.5940,2,1,8838629,58,0.0417149,7.33404,-10.3952,0.534036,-0.123594,
329.8910,2,1,8838629,58,0.047088,6.78695,-10.7517,0.526371,-0.122929,
330.1720,2,1,8838629,58,0.0983543,6.30338,-9.39167,0.524782,-0.128038,
330.4690,2,1,8838629,58,0.344726,5.80284,-9.03462,0.551386,-0.185688,
330.7500,2,1,8839764,58,0.101634,6.87069,-9.43801,0.608856,-0.188807,
331.0310,2,1,8839764,58,0.0170778,7.94558,-9.84874,0.632947,-0.212573,
331.2970,2,1,8839764,58,0.00979349,8.55696,-10.2481,0.686758,-0.213286,
331.5780,2,1,8839764,58,0.00576088,8.12999,-10.6498,0.371499,-0.156001,
331.8590,2,1,8840898,58,0.00577051,7.98797,-10.9278,0.705547,-0.180922,
332.1560,2,1,8840898,58,0.00641032,7.93072,-11.1033,0.724601,-0.186915,
332.4380,2,1,8840898,58,0.00755799,7.73799,-10.7529,0.713502,-0.163717,
332.7340,2,1,8840898,58,0.00622209,7.60584,-10.6561,0.634957,-0.150244,
333.0160,2,1,8842048,58,0.00553426,7.42383,-10.7101,0.540118,-0.155256,
333.3130,2,1,8842048,58,0.00604222,7.27956,-10.6249,0.514043,-0.154732,
333.5940,2,1,8842048,58,0.00625796,7.28028,-10.7013,0.399836,-0.14042,
333.8750,2,1,8842048,58,0.00670363,7.14008,-10.1234,0.456147,-0.169782,
334.1560,2,1,8843198,58,0.00770335,6.8561,-9.90085,0.359291,-0.163937,
334.4690,2,1,8843198,58,0.00613614,6.47669,-9.60643,0.364698,-0.151583,
334.7500,2,1,8843198,58,0.0055936,6.66347,-9.5398,0.327918,-0.162907,
335.0310,2,1,8843198,58,0.00520655,6.46706,-9.47138,0.353808,-0.173511,
335.3130,2,1,8844349,58,0.00565021,6.29636,-9.28434,0.342383,-0.170318,
335.6090,2,1,8844349,58,0.00557137,6.39474,-9.24291,0.284126,-0.146925,
335.8910,2,1,8844349,58,0.00547755,6.32795,-9.32726,0.302482,-0.132923,
336.1720,2,1,8844349,58,0.00497244,6.47011,-9.12315,0.376272,-0.151409,
336.4690,2,1,8845500,58,0.00506424,6.38946,-9.12359,0,-0.120732,
336.7660,2,1,8845500,58,0.00573593,6.64503,-8.64782,0.0518555,-0.151094,
337.0470,2,1,8845500,58,0.00482808,6.72867,-8.69732,0.566099,-0.180746,
337.3280,2,1,8845500,58,0.00480587,6.99232,-8.95176,0.547867,-0.210568,
337.6090,2,1,8846650,58,0.00422211,6.95943,-8.87175,0.407015,-0.179969,
337.9060,2,1,8846650,58,0.00422896,6.81104,-8.65285,0.287931,-0.163505,
338.2030,2,1,8846650,58,0.00426492,6.91081,-8.2422,0.350415,-0.146216,
338.4840,2,1,8846650,58,0.00423261,7.07985,-8.27166,0.578241,-0.165303,
338.7660,2,1,8847800,58,0.00441963,7.12611,-7.11473,0,-0.145789,
339.0630,2,1,8847800,58,0.00875721,7.71682,-5.86531,0.360263,-0.128396,
339.3440,2,1,8847800,58,0.00855143,7.63154,-6.26513,0.765522,-0.14394,
339.6250,2,1,8847800,58,0.00662168,7.65354,-6.61682,0.746507,-0.151955,
339.9220,2,1,8848952,59,0.0092373,7.67492,-7.11157,0.736585,-0.164573,
340.2190,2,1,8848952,59,0.00972177,7.41056,-7.16853,0.731514,-0.167881,
340.5000,2,1,8848952,59,0.0134708,7.26336,-7.14459,0.678796,-0.191175,
340.7810,2,1,8848952,59,0.0142447,7.04732,-7.38039,0.659374,-0.202203,
341.0470,2,1,8850083,59,0.0121044,7.21762,-7.70026,0.59627,-0.197523,
341.3440,2,1,8850083,59,0.0140748,7.33655,-8.10258,0.533981,-0.207698,
341.6250,2,1,8850083,59,0.0132081,7.41857,-8.2416,0.544597,-0.195039,
341.9220,2,1,8850083,59,0.0123616,7.35321,-8.15684,0.571504,-0.220243,
342.2030,2,1,8851235,59,0.0190069,7.31332,-8.07819,0.541114,-0.199885,
342.5000,2,1,8851235,59,0.0171447,7.13612,-7.94864,0.556079,-0.211542,
342.7810,2,1,8851235,59,0.0255229,7.07958,-7.67323,0.553814,-0.217998,
343.0630,2,1,8851235,59,0.0234126,6.84146,-6.97152,0,-0.159145,
343.3440,2,1,8852368,59,0.0260905,6.67717,-6.71403,0.339585,-0.185766,
343.6250,2,1,8852368,59,0.024723,6.90429,-7.23821,0.69473,-0.220632,
343.9220,2,1,8852368,59,0.0241003,6.87173,-7.44258,0.735167,-0.224458,
344.2030,2,1,8852368,59,0.0229366,6.79677,-7.31548,0.762605,-0.228345,
344.4840,2,1,8853517,59,0.0284413,6.7099,-7.30636,0.786087,-0.234385,
344.7810,2,1,8853517,59,0.0275498,6.86753,-7.1287,0.78714,-0.222591,
345.0470,2,1,8853517,59,0.0264113,6.92415,-7.33184,0.776836,-0.221957,
345.3280,2,1,8853517,59,0.0308522,7.00382,-7.78419,0.741458,-0.207991,
345.6090,2,1,8854651,59,0.0406966,7.22239,-8.03895,0.712743,-0.188144,
345.9220,2,1,8854651,59,0.0376063,6.93855,-7.33046,0,-0.139208,
346.2030,2,1,8854651,59,0.0367756,7.04893,-7.30355,0.615566,-0.173224,
346.4840,2,1,8854651,59,0.0383115,7.05362,-7.33922,0.707145,-0.188965,
346.7660,2,1,8855801,59,0.0386288,7.01415,-7.22459,0.73244,-0.207746,
347.0630,2,1,8855801,59,0.0418094,6.91027,-7.43372,0.686989,-0.205045,
347.3280,2,1,8855801,59,0.0356068,6.79336,-7.74105,0.659236,-0.205535,
347.6090,2,1,8855801,59,0.0368335,6.95455,-7.7281,0.605732,-0.197961,
347.9060,2,1,8856935,59,0.040721,6.90966,-7.93018,0.617073,-0.19348,
348.2030,2,1,8856935,59,0.0362489,7.11171,-8.04483,0.601884,-0.194467,
348.4840,2,1,8856935,59,0.0408085,7.14362,-8.08389,0.564444,-0.193508,
348.7660,2,1,8856935,59,0.0531687,7.22336,-8.14946,0.586949,-0.176906,
349.0470,2,1,8858085,59,0.0530684,7.25824,-8.01111,0,-0.168643,
349.3440,2,1,8858085,59,0.0435625,7.12127,-7.80597,0.0413831,-0.147758,
349.6250,2,1,8858085,59,0.044922,7.16385,-8.12033,0.601479,-0.194442,
349.9220,2,1,8858085,59,0.0487236,7.37232,-8.03685,0.654515,-0.208866,
350.2030,2,1,8859236,59,0.0541933,7.21983,-8.07069,0.63532,-0.201683,
350.5000,2,1,8859236,59,0.0650559,7.17154,-7.94254,0.612468,-0.188468,
350.7810,2,1,8859236,59,0.072258,7.03558,-7.55781,0.602506,-0.195702,
351.0630,2,1,8859236,59,0.0614394,7.0524,-7.56988,0.603633,-0.193388,
351.3440,2,1,8860385,59,0.0665678,6.97169,-7.4699,0.610461,-0.199542,
351.6560,2,1,8860385,59,0.080643,6.68381,-7.49771,0.596197,-0.186894,
351.9380,2,1,8860385,59,0.0722028,6.65905,-7.38145,0.626803,-0.195466,
352.2190,2,1,8860385,59,0.0669209,6.60913,-7.22949,0.609146,-0.199926,
352.5000,2,1,8861536,59,0.0881982,6.5956,-7.18673,0.0943094,-0.170188,
352.7970,2,1,8861536,59,0.0974481,6.52232,-7.29916,0.654126,-0.191273,
353.0780,2,1,8861536,59,0.0711295,6.61466,-7.11748,0.705158,-0.196983,
353.3590,2,1,8861536,59,0.0887502,6.62975,-6.89245,0.658884,-0.211766,
353.6560,2,1,8862687,59,0.0768542,6.69898,-6.73618,0.58864,-0.200107,
353.9530,2,1,8862687,59,0.0916027,7.17732,-7.29781,0.587312,-0.169929,
354.2340,2,1,8862687,59,0.176319,8.79731,-6.79284,0.235575,-0.0199854,
354.5160,2,1,8862687,59,0.0376774,5.9842,-6.31498,0.384236,0.0143205,
354.7970,2,1,8863836,59,0.0433804,4.73064,-6.64305,0.599419,-0.0145804,
355.0940,2,1,8863836,59,0.0736466,7.16511,-6.89937,0.616781,0.0783692,
355.3910,2,1,8863836,59,0.0619453,8.16846,-8.21462,0.584117,0.0698798,
355.6720,2,1,8863836,59,0.0465531,9.26738,-8.57746,0.630279,0.111802,
355.9530,2,1,8864987,59,0.0277467,10.1635,-7.37061,0.516816,0.0587495,
356.2500,2,1,8864987,59,0.0448434,11.5471,-8.09192,0.610447,0.0831699,
356.5310,2,1,8864987,59,0.0322085,11.6887,-8.18743,0.583109,0.0691851,
356.8130,2,1,8864987,59,0.0294014,11.6865,-9.26752,0.605311,0.068463,
357.0940,2,1,8866137,59,0.0500724,11.3091,-9.34275,0.513823,0.0117685,
357.4060,2,1,8866137,59,0.0739196,11.5385,-10.147,0.502347,0.0802907,
357.6880,2,1,8866137,59,0.0451734,12.3118,-9.67967,0.504441,0.0891379,
357.9690,2,1,8866137,59,0.0796207,12.6289,-9.5147,0.516114,0.0477313,
358.2500,2,1,8867287,59,0.0635506,12.9123,-8.48356,0.298136,0.0163391,
358.5470,2,1,8867287,59,0.162359,14.0959,-8.89765,0.250237,-0.0659173,
358.8280,2,1,8867287,59,0.230803,16.6964,-5.74949,0.221796,-0.0825346,
359.1250,2,1,8867287,59,0.164651,14.883,-0.169625,0,-0.0138083,
359.4060,2,1,8868439,59,0.115148,12.0637,0.167659,0.470145,-0.101005,
359.7030,2,1,8868439,59,0.0319095,9.53993,-5.03368,0.510637,-0.166399,
359.9840,2,1,8868439,59,0.0100698,8.5721,-7.40728,0.537223,-0.145832,
360.2660,2,1,8868439,59,0.00763507,8.26378,-8.34055,0.661247,-0.171272,
360.5470,2,1,8869588,59,0.0101387,8.2657,-8.64069,0.62575,-0.170809,
360.8590,2,1,8869588,59,0.0183464,8.78018,-8.19583,0.654888,-0.160833,
361.1250,2,1,8869588,59,0.0423998,8.71366,-8.13533,0.600577,-0.152662,
361.4060,2,1,8869588,59,0.0643086,8.57851,-7.97703,0.601879,-0.139994,
361.6880,2,1,8870721,59,0.0713386,8.70468,-8.44703,0.634717,-0.138547,
361.9840,2,1,8870721,59,0.0867578,8.51258,-8.8941,0.590582,-0.160109,
362.2660,2,1,8870721,59,0.0955253,8.33963,-8.65756,0.635273,-0.157694,
362.5470,2,1,8870721,59,0.150074,8.15272,-9.14176,0.598475,-0.123394,
362.8280,2,1,8871871,59,0.103219,7.55495,-9.25653,0,-0.0920816,
363.1410,2,1,8871871,59,0.0993454,6.74248,-9.47977,0,-0.120693,
363.4220,2,1,8871871,59,0.0893603,7.35562,-9.98705,0.0467142,-0.110792,
363.7030,2,1,8871871,59,0.107365,7.41732,-11.9749,0.566119,-0.0880436,
363.9840,2,1,8873022,59,0.056814,7.09426,-13.8104,0.770085,-0.104446,
364.2810,2,1,8873022,59,0.124439,7.14252,-13.6649,0.287449,-0.100993,
364.5630,2,1,8873022,59,0.190849,7.88676,-10.1174,0.426004,-0.105042,
364.8590,2,1,8873022,59,0.141244,9.63033,-5.32745,0.698391,-0.158138,
365.1410,2,1,8874172,59,0.137419,10.6546,-3.86186,0.708535,-0.134527,
365.4380,2,1,8874172,59,0.130383,10.5136,-4.46047,0.72734,-0.142306,
365.7190,2,1,8874172,59,0.0986878,9.38244,-4.8083,0.513293,-0.112792,
366.0000,2,1,8874172,59,0.0639401,8.36045,-6.12452,0,-0.0744453,
366.2810,2,1,8875322,59,0.0922696,8.02587,-7.29149,0.305156,-0.0954504,
366.5940,2,1,8875322,59,0.0720811,7.65574,-6.57071,0.633935,-0.140133,
366.8750,2,1,8875322,59,0.0769664,7.54308,-7.06994,0.61593,-0.123036,
367.1560,2,1,8875322,59,0.0919496,7.2877,-7.53886,0.683744,-0.156649,
367.4380,2,1,8876457,59,0.0583027,6.90807,-8.14185,0.701433,-0.168799,
367.7190,2,1,8876457,59,0.0840926,6.93267,-9.1643,0.648674,-0.142831,
368.0000,2,1,8876457,59,0.0901616,6.74874,-9.25602,0.755767,-0.130998,
368.2810,2,1,8876457,59,0.0621933,6.83619,-10.437,0.679489,-0.128898,
368.5630,2,1,8877606,59,0.0566688,6.44271,-10.7337,0.559932,-0.106716,
368.8750,2,1,8877606,59,0.0542824,6.52987,-10.9017,0.536947,-0.128931,
369.1560,2,1,8877606,59,0.0574307,6.79705,-10.8107,0.521588,-0.108067,
369.4380,2,1,8877606,59,0.0429295,6.90162,-11.1155,0.526751,-0.127244,
369.7190,2,1,8878756,59,0.0358653,6.94213,-10.5296,0.583664,-0.135167,
370.0160,2,1,8878756,59,0.0808219,7.12038,-9.62109,0.672957,-0.139556,
370.2970,2,1,8878756,59,0.0799371,7.10303,-8.83875,0.226839,-0.116731,
370.5940,2,1,8878756,59,0.0901369,7.58869,-7.83452,0.32707,-0.160464,
370.8750,2,1,8879906,59,0.0670028,7.28543,-8.05982,0.729092,-0.188308,
371.1720,2,1,8879906,59,0.0650392,7.03371,-8.63964,0.769489,-0.188947,
371.4530,2,1,8879906,59,0.0902928,6.83387,-9.90176,0.748799,-0.188411,
371.7340,2,1,8879906,59,0.0526678,7.08381,-10.2128,0.740839,-0.163198,
372.0160,2,1,8881056,59,0.0496171,7.27494,-10.0387,0.763403,-0.182088,
372.3130,2,1,8881056,59,0.0652656,7.27606,-9.65181,0.751315,-0.190006,
372.6090,2,1,8881056,59,0.0456679,7.14224,-9.98009,0.701832,-0.150723,
372.8910,2,1,8881056,59,0.0471021,7.54704,-10.1849,0.679054,-0.114939,
373.1720,2,1,8882206,59,0.0652684,7.8284,-10.8274,0.652707,-0.0943423,
373.4690,2,1,8882206,59,0.0901093,7.9442,-10.7241,0.692527,-0.112588,
373.7500,2,1,8882206,59,0.0728149,8.15077,-9.63725,0,-0.0837271,
374.0310,2,1,8882206,59,0.10004,7.91085,-9.27232,0,-0.109124,
374.3130,2,1,8883356,59,0.0702731,7.08059,-8.70031,0.514323,-0.128059,
374.6250,2,1,8883356,59,0.0278306,7.38602,-9.64944,0.49513,-0.142354,
374.9060,2,1,8883356,59,0.0375974,8.09725,-10.0708,0.367634,-0.115428,
375.1880,2,1,8883356,59,0.0466566,8.96639,-9.78606,0.445204,-0.100611,
375.4690,2,1,8884506,59,0.0525087,8.625,-9.46196,0.393167,-0.129463,
375.7660,2,1,8884506,59,0.0422652,8.20629,-7.98523,0.448059,-0.142116,
376.0470,2,1,8884506,59,0.0433989,7.89609,-8.24789,0.443006,-0.133736,
376.3440,2,1,8884506,59,0.0358678,7.80347,-8.83133,0.460608,-0.155021,
376.6250,2,1,8885656,59,0.0416333,7.64675,-8.4918,0.463475,-0.167567,
376.9220,2,1,8885656,59,0.0373971,7.7572,-8.03335,0.606023,-0.182151,
377.2030,2,1,8885656,59,0.0333469,7.3,-8.7491,0.76299,-0.19343,
377.4840,2,1,8885656,59,0.0393153,7.01563,-8.36052,0.771887,-0.199841,
377.7660,2,1,8886807,59,0.034859,6.55633,-8.01554,0.0310324,-0.134424,
378.0780,2,1,8886807,59,0.0312728,6.41001,-8.32773,0.574671,-0.150858,
378.3590,2,1,8886807,59,0.0339142,6.24949,-8.9954,0.616682,-0.160478,
378.6250,2,1,8886807,59,0.0368008,6.22332,-8.44993,0.61357,-0.161779,
378.9060,2,1,8887942,59,0.0371966,5.89718,-8.043,0.602634,-0.154835,
379.2030,2,1,8887942,59,0.0322258,5.89688,-8.32347,0.676421,-0.169251,
379.4840,2,1,8887942,59,0.0319669,5.80659,-7.76743,0.738526,-0.157798,
379.7810,2,1,8887942,59,0.0388976,5.58173,-8.45503,0.700829,-0.171383,
380.0630,2,1,8889093,59,0.035008,5.40805,-8.57566,0.707918,-0.16386,
380.3590,2,1,8889093,59,0.0325078,5.33663,-8.67736,0.726261,-0.164206,
380.6410,2,1,8889093,59,0.0319933,5.37666,-8.62091,0.635068,-0.142564,
380.9220,2,1,8889093,59,0.0416302,4.86582,-8.37776,0,-0.114037,
381.2030,2,1,8890243,59,0.0339507,4.62928,-8.15025,0.0737429,-0.110941,
381.5000,2,1,8890243,59,0.0328882,4.85655,-8.47288,0.572309,-0.154253,
381.7970,2,1,8890243,59,0.0345556,5.08694,-8.52563,0.654849,-0.153985,
382.0780,2,1,8890243,59,0.034479,5.18446,-8.25893,0.672787,-0.145759,
382.3590,2,1,8891394,59,0.0340263,4.80258,-8.26925,0.645464,-0.145195,
382.6560,2,1,8891394,59,0.0337521,4.70339,-8.22752,0.659276,-0.131784,
382.9380,2,1,8891394,59,0.0427301,4.76668,-8.11905,0.644901,-0.115959,
383.2190,2,1,8891394,59,0.0490761,5.00241,-8.11674,0.628788,-0.129159,
383.5160,2,1,8892544,58,0.0567705,5.0822,-8.12864,0.636459,-0.135,
383.8130,2,1,8892544,58,0.0590603,5.20445,-7.94011,0.651318,-0.138418,
384.0940,2,1,8892544,58,0.0594701,5.17155,-8.05884,0.650314,-0.13643,
384.3750,2,1,8892544,58,0.0700425,5.0845,-8.00805,0.233309,-0.104989,
384.6560,2,1,8893694,58,0.0613901,4.83935,-8.0704,0.0596312,-0.0962225,
384.9530,2,1,8893694,58,0.0636183,4.97264,-8.38481,0.666075,-0.117524,
385.2340,2,1,8893694,58,0.0540391,5.24114,-8.59628,0.762489,-0.125416,
385.5310,2,1,8893694,58,0.0763482,5.14301,-8.60161,0.717552,-0.114186,
385.8130,2,1,8894845,58,0.0676703,5.03884,-8.59688,0.702547,-0.117446,
386.1090,2,1,8894845,58,0.0807676,4.89855,-8.62462,0.717307,-0.128946,
386.3910,2,1,8894845,58,0.0834071,4.76992,-8.49211,0.700767,-0.122805,
386.6720,2,1,8894845,58,0.0664728,4.89526,-8.36663,0.688732,-0.130621,
386.9530,2,1,8895996,58,0.0580968,5.07166,-8.58721,0.720059,-0.147943,
387.2660,2,1,8895996,58,0.0648648,5.04337,-8.88466,0.705376,-0.130857,
387.5470,2,1,8895996,58,0.060472,4.86729,-8.91881,0.687837,-0.117447,
387.8280,2,1,8895996,58,0.0580161,4.56261,-8.62438,0.670586,-0.115695,
388.1090,2,1,8897147,58,0.0762961,4.48604,-8.33521,0.686124,-0.116403,
388.4060,2,1,8897147,58,0.0475541,4.28491,-7.76742,0.721961,-0.124941,
388.6880,2,1,8897147,58,0.0588172,4.09319,-7.17699,0.699933,-0.124444,
388.9690,2,1,8897147,58,0.0522497,4.09568,-7.79499,0.681214,-0.127284,
389.2660,2,1,8898296,58,0.0464043,3.73228,-7.4046,0.422674,-0.106482,
389.5630,2,1,8898296,58,0.0390912,4.18295,-7.41528,0.574519,-0.142365,
389.8440,2,1,8898296,58,0.0325233,4.30765,-7.56997,0.616095,-0.138846,
390.1250,2,1,8898296,58,0.0303173,4.29559,-7.03826,0.592297,-0.125444,
390.4060,2,1,8899446,58,0.0304155,4.34043,-7.27017,0.579897,-0.127417,
390.7190,2,1,8899446,58,0.0301097,4.22195,-7.50698,0.565774,-0.145596,
391.0000,2,1,8899446,58,0.0271011,4.19266,-6.91471,0.541229,-0.133389,
391.2660,2,1,8899446,58,0.0324437,4.22827,-6.98573,0.592782,-0.15582,
391.5470,2,1,8900581,58,0.0229448,4.07563,-7.5838,0.642722,-0.141698,
391.8440,2,1,8900581,58,0.0291464,3.96599,-8.4508,0.58439,-0.144461,
392.1250,2,1,8900581,58,0.0251947,3.92701,-8.734,0.598761,-0.153741,
392.4060,2,1,8900581,58,0.0355185,3.9712,-8.60395,0.611528,-0.141743,
392.6880,2,1,8901731,58,0.0363011,4.06592,-8.7512,0.708763,-0.142609,
393.0000,2,1,8901731,58,0.027883,4.09182,-8.63411,0.639986,-0.141945,
393.2810,2,1,8901731,58,0.0252234,3.98295,-8.23413,0.632006,-0.130729,
393.5630,2,1,8901731,58,0.0307566,3.93062,-8.45995,0.632229,-0.153417,
393.8440,2,1,8902881,58,0.0305463,3.61022,-8.24668,0.280709,-0.0996214,
394.1410,2,1,8902881,58,0.0360872,3.79605,-8.52712,0.540681,-0.114397,
394.4220,2,1,8902881,58,0.0373085,3.73092,-8.81499,0.6552,-0.14179,
394.7190,2,1,8902881,58,0.0350559,3.74314,-8.44306,0.732674,-0.172256,
395.0000,2,1,8904032,58,0.0392984,3.83841,-8.57791,0.621119,-0.15414,
395.2970,2,1,8904032,58,0.032296,3.81227,-8.8028,0.619513,-0.139368,
395.5780,2,1,8904032,58,0.0318639,3.96983,-8.31665,0.623846,-0.147882,
395.8590,2,1,8904032,58,0.0240918,3.7176,-8.53769,0.607809,-0.161988,
396.1410,2,1,8905184,58,0.0279987,3.82277,-6.9694,0.584221,-0.113341,
396.4530,2,1,8905184,58,0.0344113,3.90016,-6.41583,0.562168,-0.13142,
396.7340,2,1,8905184,58,0.0214516,4.20046,-6.41806,0.531373,-0.1314,
397.0160,2,1,8905184,58,0.0184357,4.35435,-7.30347,0.502863,-0.145092,
397.2970,2,1,8906334,59,0.0222738,3.94674,-8.76757,0.432043,-0.112106,
397.5940,2,1,8906334,59,0.0174397,3.52019,-9.53842,0.478871,-0.107014,
397.8750,2,1,8906334,59,0.0225854,3.37803,-9.5073,0.475052,-0.0901829,
398.1720,2,1,8906334,59,0.024274,2.90799,-9.61462,0.500897,-0.0977082,
398.4530,2,1,8907484,59,0.0167195,2.79883,-9.82658,0.44404,-0.113338,
398.7500,2,1,8907484,59,0.0203284,2.65894,-9.66379,0.543347,-0.11676,
399.0160,2,1,8907484,59,0.0251881,2.63727,-8.94346,0,-0.071874,
399.2970,2,1,8907484,59,0.0220745,2.71261,-9.15659,0,-0.0797889,
399.5780,2,1,8908617,59,0.0230732,2.70678,-9.17995,0.489849,-0.120776,
399.8750,2,1,8908617,59,0.0203457,2.83994,-9.63156,0.481113,-0.118433,
400.1720,2,1,8908617,59,0.0185465,2.85244,-9.97254,0.449782,-0.0998263,
400.4530,2,1,8908617,59,0.0162863,3.16502,-10.7553,0.38872,-0.0831773,
400.7340,2,1,8909767,59,0.0207351,2.99959,-11.3248,0.355263,-0.0880062,
401.0310,2,1,8909767,59,0.0175981,2.46177,-10.6774,0.430739,-0.104515,
401.3130,2,1,8909767,59,0.0223938,1.90262,-10.4632,0.340253,-0.102962,
401.5940,2,1,8909767,59,0.0226889,1.61083,-10.3059,0.315897,-0.104873,
401.8750,2,1,8910918,59,0.021851,1.37344,-9.57216,0.444659,-0.102142,
402.1880,2,1,8910918,59,0.0209858,1.29008,-9.82638,0.411897,-0.123129,
402.4690,2,1,8910918,59,0.0238698,1.30525,-10.1633,0.370498,-0.104052,
402.7500,2,1,8910918,59,0.0304367,1.44617,-9.68031,0.314286,-0.0995103,
403.0310,2,1,8912068,59,0.0370492,1.28981,-8.67777,0.369523,-0.106038,
403.3280,2,1,8912068,59,0.0336331,1.47706,-8.26869,0.384176,-0.130521,
403.6090,2,1,8912068,59,0.0282788,1.18061,-8.96979,0.480035,-0.107271,
403.8910,2,1,8912068,59,0.0208687,1.20212,-9.83022,0.371499,-0.0606072,
404.1880,2,1,8913220,59,0.0179139,1.04744,-11.1385,0.363423,-0.0538549,
404.4840,2,1,8913220,59,0.0216592,1.03208,-11.5597,0.403913,-0.0772008,
404.7660,2,1,8913220,59,0.0233578,2.07563,-11.0434,0.578629,-0.0867321,
405.0470,2,1,8913220,59,0.0371173,3.68706,-10.647,0.640044,-0.0651949,
405.3280,2,1,8914368,59,0.057642,5.96288,-8.18214,0,-0.0805908,
405.6250,2,1,8914368,59,0.056777,6.69032,-7.07935,0.338137,-0.0919695,
405.9220,2,1,8914368,59,0.0172012,6.5022,-7.59195,0.537036,-0.106977,
406.2030,2,1,8914368,59,0.0181911,6.32518,-7.80595,0.489607,-0.0790128,
406.4840,2,1,8915518,59,0.0145484,6.1967,-7.42754,0.584556,-0.0807893,
406.7810,2,1,8915518,59,0.0168211,5.8308,-7.70205,0.509927,-0.0902241,
407.0630,2,1,8915518,59,0.0187636,5.56732,-7.85319,0.481622,-0.104001,
407.3440,2,1,8915518,59,0.0172449,5.10772,-7.23252,0.552941,-0.0852397,
407.6410,2,1,8916669,59,0.0238218,4.894,-6.98893,0.560159,-0.110843,
407.9380,2,1,8916669,59,0.0267627,4.67395,-6.69756,0.535001,-0.127406,
408.2190,2,1,8916669,59,0.0393575,4.72412,-5.60665,0.514412,-0.0949347,
408.5000,2,1,8916669,59,0.0294232,4.56219,-4.59658,0.500934,-0.100674,
408.7810,2,1,8917819,59,0.0320311,4.02533,-5.58556,0.318204,-0.079606,
409.0780,2,1,8917819,59,0.0358615,3.97386,-5.80505,0.403585,-0.0857401,
409.3590,2,1,8917819,59,0.0309487,4.22898,-5.77221,0.509169,-0.0786582,
409.6560,2,1,8917819,59,0.0297085,4.58133,-6.89973,0.454044,-0.0852114,
409.9380,2,1,8918969,59,0.0303314,4.65895,-6.1824,0.40802,-0.0822317,
410.2340,2,1,8918969,59,0.0276032,4.45052,-6.23089,0,-0.0913433,
410.5160,2,1,8918969,59,0.022742,4.38512,-7.10464,0.487953,-0.101981,
410.7970,2,1,8918969,59,0.0309209,4.24161,-6.69517,0.57585,-0.123929,
411.0780,2,1,8920120,59,0.0264607,4.28134,-5.97923,0.625109,-0.140243,
411.3910,2,1,8920120,59,0.0324962,4.03377,-6.46693,0.603487,-0.132436,
411.6720,2,1,8920120,59,0.0470374,4.24336,-6.04647,0.560238,-0.137905,
411.9530,2,1,8920120,59,0.0241988,3.9431,-5.1319,0.525451,-0.103455,
412.2340,2,1,8921270,59,0.0327621,3.97109,-5.56847,0.550086,-0.107579,
412.5310,2,1,8921270,59,0.044071,3.86021,-5.43969,0.562654,-0.101246,
412.7970,2,1,8921270,59,0.0443675,4.02595,-4.82002,0.580379,-0.119939,
413.0780,2,1,8921270,59,0.0589434,4.11543,-5.09328,0.685732,-0.115263,
413.3750,2,1,8922403,59,0.059011,3.97113,-5.28698,0.728641,-0.117975,
413.6720,2,1,8922403,59,0.0838008,3.82419,-4.4458,0.759488,-0.140341,
413.9530,2,1,8922403,59,0.0645425,3.99252,-4.49111,0.768273,-0.154672,
414.2340,2,1,8922403,59,0.0420352,3.68011,-5.49315,0.799034,-0.176801,
414.5160,2,1,8923554,59,0.0792442,3.36948,-4.5486,0,-0.0802367,
414.8130,2,1,8923554,59,0.0927828,3.89946,-3.45606,0.375439,-0.152013,
415.0940,2,1,8923554,59,0.0708581,4.11725,-4.41789,0.746872,-0.174553,
415.3910,2,1,8923554,59,0.0744767,4.00866,-4.86543,0.772464,-0.14651,
415.6720,2,1,8924704,59,0.0553739,4.15191,-4.53904,0.811754,-0.156781,
415.9690,2,1,8924704,59,0.0838803,4.06348,-4.96304,0.791515,-0.159385,
416.2500,2,1,8924704,59,0.0679763,4.13797,-5.09168,0.790355,-0.15695,
416.5160,2,1,8924704,59,0.0702218,4.3149,-5.14186,0.763594,-0.190407,
416.7970,2,1,8925837,59,0.0737818,4.30824,-5.09956,0.77703,-0.182896,
417.1090,2,1,8925837,59,0.089616,4.35758,-5.01836,0.768231,-0.16047,
417.3910,2,1,8925837,59,0.0960207,4.04103,-5.26005,0.792771,-0.159245,
417.6720,2,1,8925837,59,0.0859495,3.88718,-5.14731,0.798665,-0.170011,
417.9530,2,1,8926988,59,0.0743167,3.83464,-5.3008,0.813648,-0.154557,
418.2500,2,1,8926988,59,0.0839164,3.89883,-5.29621,0.807629,-0.13571,
418.5160,2,1,8926988,59,0.0789651,3.90804,-5.5863,0.831222,-0.129647,
418.7970,2,1,8926988,59,0.0745655,3.80764,-5.7336,0.83174,-0.116236,
419.0780,2,1,8928121,59,0.064415,3.87914,-5.35017,0.707194,-0.118154,
419.3910,2,1,8928121,59,0.0705227,3.62119,-5.10562,0.495346,-0.0900708,
419.6720,2,1,8928121,59,0.0633782,3.71221,-5.62141,0.644552,-0.110531,
419.9530,2,1,8928121,59,0.0742198,4.07188,-5.76277,0.628236,-0.119224,
420.2340,2,1,8929272,59,0.0927857,4.15867,-5.98024,0.483649,-0.084958,
420.5310,2,1,8929272,59,0.0643505,4.22797,-6.03451,0.461988,-0.0687092,
420.8130,2,1,8929272,59,0.0689024,4.48622,-6.46577,0.441322,-0.0873133,
421.1090,2,1,8929272,59,0.061552,5.16171,-7.15808,0.606995,-0.0973626,
421.3910,2,1,8930407,59,0.0748696,5.4044,-6.87493,0.7512,-0.135628,
421.6720,2,1,8930407,59,0.0923028,6.11287,-6.3335,0.417631,-0.085268,
421.9530,2,1,8930407,59,0.106634,6.48605,-6.45339,0.733388,-0.103646,
422.2340,2,1,8930407,59,0.0913167,6.62203,-6.78097,0.811748,-0.102747,
422.5160,2,1,8931557,59,0.108664,6.24216,-6.2724,0.787924,-0.100147,
422.8130,2,1,8931557,59,0.113891,5.75213,-6.22345,0.77203,-0.118605,
423.1090,2,1,8931557,59,0.0917997,5.06395,-5.67915,0.751993,-0.104635,
423.3910,2,1,8931557,59,0.0838484,4.93217,-5.66827,0.756137,-0.107452,
423.6720,2,1,8932706,59,0.0703378,5.06999,-5.79804,0.766329,-0.114866,
423.9690,2,1,8932706,59,0.064253,4.94954,-5.71166,0.765111,-0.140092,
424.2500,2,1,8932706,59,0.0706885,4.85523,-6.10026,0.750663,-0.1254,
424.5310,2,1,8932706,59,0.0967487,4.82327,-6.13236,0.175772,-0.0867829,
424.8280,2,1,8933857,59,0.123562,4.46963,-5.3901,0.323438,-0.0937743,
425.1250,2,1,8933857,59,0.0956998,4.78797,-5.42685,0.701718,-0.085823,
425.4060,2,1,8933857,59,0.0969992,4.76181,-6.08232,0.697362,-0.0730193,
425.6880,2,1,8933857,59,0.124683,4.65502,-6.18839,0.739099,-0.135754,
425.9690,2,1,8935007,59,0.111635,4.65325,-6.23877,0.748232,-0.121837,
426.2660,2,1,8935007,59,0.0979288,4.62576,-6.97916,0.734298,-0.113114,
426.5470,2,1,8935007,59,0.0854062,4.58295,-7.0534,0.749843,-0.10322,
426.8440,2,1,8935007,59,0.081914,4.51632,-7.09006,0.7739,-0.121602,
427.1250,2,1,8936157,59,0.076508,4.38404,-7.03681,0.605276,-0.104606,
427.4220,2,1,8936157,59,0.11011,4.48117,-6.60844,0.0670143,-0.0690113,
427.7030,2,1,8936157,59,0.123947,4.60103,-6.67281,0.598133,-0.0678177,
427.9840,2,1,8936157,59,0.0931478,4.35898,-6.50756,0.738521,-0.121004,
428.2660,2,1,8937307,59,0.0950976,4.27798,-6.51738,0.739077,-0.14187,
428.5780,2,1,8937307,59,0.128547,4.00459,-6.74758,0.685158,-0.118728,
428.8590,2,1,8937307,59,0.10522,4.08442,-6.75324,0.707606,-0.107601,
429.1410,2,1,8937307,59,0.140066,3.97309,-6.67958,0.649237,-0.086534,
429.4220,2,1,8938458,59,0.0904196,4.19318,-6.0421,0.72772,-0.172471,
429.7190,2,1,8938458,59,0.0838959,3.72741,-5.23014,0.73916,-0.187926,
430.0000,2,1,8938458,59,0.0728658,3.60876,-4.52649,0.735963,-0.191204,
430.2970,2,1,8938458,59,0.0672163,3.84994,-4.71154,0.6854,-0.157006,
430.5780,2,1,8939595,59,0.0877872,3.93941,-4.82785,0.68376,-0.153023,
430.8590,2,1,8939595,59,0.0853237,4.20499,-5.5276,0.693989,-0.11519,
431.1410,2,1,8939595,59,0.100408,3.71775,-5.75594,0,-0.0697196,
431.4220,2,1,8939595,59,0.0682688,3.72335,-5.86862,0.529418,-0.111965,
431.7030,2,1,8940743,59,0.0701363,4.01105,-6.33166,0.643801,-0.129626,
432.0000,2,1,8940743,59,0.0744422,4.16419,-6.24263,0.624617,-0.125799,
432.2970,2,1,8940743,59,0.0776586,4.03678,-6.37161,0.677887,-0.120535,
432.5780,2,1,8940743,59,0.0723294,3.97562,-6.18461,0.657137,-0.110163,
432.8590,2,1,8941893,59,0.0773299,4.14484,-6.12143,0.652832,-0.116501,
433.1560,2,1,8941893,59,0.0832974,4.23241,-6.08636,0.627484,-0.137329,
433.4380,2,1,8941893,59,0.0887741,4.08006,-6.41889,0.559229,-0.12104,
433.7190,2,1,8941893,59,0.0946127,4.30119,-6.39489,0.593896,-0.11728,
434.0000,2,1,8943043,59,0.0785289,4.12918,-6.71586,0.622278,-0.130113,
434.3130,2,1,8943043,59,0.088439,4.13283,-6.82503,0.654933,-0.135169,
434.5940,2,1,8943043,59,0.0776085,4.14526,-6.66217,0.654956,-0.150327,
434.8750,2,1,8943043,59,0.0811446,3.9834,-6.35628,0.565842,-0.115507,
435.1560,2,1,8944194,59,0.100565,3.63531,-6.1048,0,-0.0662038,
435.4530,2,1,8944194,59,0.108839,3.56764,-6.30243,0,-0.0947239,
435.7340,2,1,8944194,59,0.107609,3.70678,-6.59512,0.422642,-0.104029,
436.0310,2,1,8944194,59,0.0797775,3.92961,-6.47766,0.556503,-0.0878854,
436.3130,2,1,8945344,59,0.113842,4.0742,-6.51532,0.554496,-0.100072,
436.6090,2,1,8945344,59,0.0774192,4.18972,-6.53219,0.631906,-0.127934,
436.8910,2,1,8945344,59,0.0741969,4.08361,-6.86069,0.634905,-0.130196,
437.1720,2,1,8945344,59,0.0872838,3.98237,-6.89664,0.547755,-0.10758,
437.4530,2,1,8946494,59,0.0910809,3.93724,-6.82103,0.55711,-0.126268,
437.7500,2,1,8946494,59,0.0773701,4.02343,-6.92754,0.573725,-0.114479,
438.0470,2,1,8946494,59,0.0834171,4.01394,-6.87592,0.533098,-0.085937,
438.3280,2,1,8946494,59,0.0975785,3.98903,-6.77263,0.519798,-0.099904,
438.6090,2,1,8947644,59,0.111291,4.06937,-6.54698,0.543428,-0.100177,
438.9060,2,1,8947644,59,0.0970303,4.35012,-6.00878,0.604506,-0.11664,
439.1880,2,1,8947644,59,0.0934122,4.35407,-6.07511,0.577313,-0.0881551,
439.4690,2,1,8947644,59,0.0956123,3.8549,-6.23333,0,-0.0693044,
439.7660,2,1,8948794,58,0.0783626,3.982,-6.21823,0.0288194,-0.0770717,
440.0630,2,1,8948794,58,0.0669751,4.32263,-6.20522,0.477074,-0.119449,
440.3440,2,1,8948794,58,0.0766375,4.43774,-6.58694,0.64389,-0.121234,
440.6250,2,1,8948794,58,0.0828616,4.12393,-6.53091,0.648703,-0.134175,
440.9060,2,1,8949944,58,0.110025,3.98912,-6.93953,0.580662,-0.112403,
441.2030,2,1,8949944,58,0.0923114,3.95429,-6.98034,0.578601,-0.105179,
441.4840,2,1,8949944,58,0.0685861,4.16795,-6.84193,0.599464,-0.119448,
441.7810,2,1,8949944,58,0.0704209,4.16215,-6.92687,0.602246,-0.129563,
442.0630,2,1,8951094,58,0.0724591,4.29151,-6.92112,0.633393,-0.137833,
442.3590,2,1,8951094,58,0.0977328,4.02207,-6.79402,0.575433,-0.107364,
442.6410,2,1,8951094,58,0.0966313,4.03951,-7.29848,0.575645,-0.109102,
442.9220,2,1,8951094,58,0.104073,4.11866,-6.79826,0,-0.104617,
443.2030,2,1,8952245,58,0.09544,4.10543,-6.90459,0.488639,-0.100634,
443.5160,2,1,8952245,58,0.0994866,4.10497,-7.20144,0.590297,-0.110295,
443.7970,2,1,8952245,58,0.110104,4.06944,-7.16001,0.648347,-0.129565,
444.0780,2,1,8952245,58,0.127956,4.02269,-6.87366,0.656743,-0.132094,
444.3590,2,1,8953396,58,0.119982,3.96982,-7.33075,0.602883,-0.117695,
444.6560,2,1,8953396,58,0.113964,3.85843,-7.56634,0.596878,-0.117722,
444.9380,2,1,8953396,58,0.100034,3.94481,-7.41033,0.65643,-0.11898,
445.2340,2,1,8953396,58,0.0871853,3.93604,-7.32783,0.617519,-0.117226,
445.5160,2,1,8954546,58,0.114607,3.80185,-7.13578,0.620267,-0.0944578,
445.8130,2,1,8954546,58,0.103731,3.83561,-6.97539,0.578886,-0.0743069,
446.0940,2,1,8954546,58,0.0859992,3.95738,-7.02275,0.599627,-0.100673,
446.3750,2,1,8954546,58,0.0868342,4.0645,-7.20714,0.609736,-0.114303,
446.6560,2,1,8955697,58,0.112534,4.14645,-7.41446,0.613089,-0.0946697,
446.9690,2,1,8955697,58,0.11886,3.65694,-7.41044,0,-0.0850339,
447.2500,2,1,8955697,58,0.116002,3.63919,-7.57141,0.0244666,-0.0975542,
447.5310,2,1,8955697,58,0.0978695,3.92608,-7.35813,0.587476,-0.129588,
447.8130,2,1,8956847,58,0.0991427,3.7648,-7.34926,0.609257,-0.11461,
448.1090,2,1,8956847,58,0.0983948,3.79769,-7.29309,0.618096,-0.107664,
448.3910,2,1,8956847,58,0.0990637,3.78416,-7.47995,0.586781,-0.111986,
448.6720,2,1,8956847,58,0.0944788,3.69836,-7.60142,0.569241,-0.0976204,
448.9690,2,1,8957997,58,0.0904487,3.7034,-7.64274,0.611826,-0.104686,
449.2660,2,1,8957997,58,0.0905542,3.78841,-7.53023,0.617423,-0.140809,
449.5470,2,1,8957997,58,0.101135,3.74607,-7.50198,0.585567,-0.132488,
449.8280,2,1,8957997,58,0.100869,3.82774,-7.67098,0.440043,-0.101406,
450.1090,2,1,8959147,58,0.135065,3.3116,-7.66854,0.21329,-0.0882415,
450.4060,2,1,8959147,58,0.0976119,3.71702,-7.60185,0.584861,-0.127514,
450.6880,2,1,8959147,58,0.0598952,3.58715,-7.70073,0.636198,-0.121933,
450.9840,2,1,8959147,58,0.0625636,3.71598,-7.6114,0.631914,-0.122311,
451.2660,2,1,8960298,58,0.0568176,3.78565,-7.48431,0.62659,-0.122828,
451.5630,2,1,8960298,58,0.0817846,3.87235,-7.687,0.650994,-0.155576,
451.8440,2,1,8960298,58,0.0995092,3.89605,-7.42944,0.630481,-0.155054,
452.1250,2,1,8960298,58,0.0759459,3.67746,-7.31473,0.654249,-0.143084,
452.4060,2,1,8961448,58,0.100679,3.7457,-7.32291,0.583522,-0.135121,
452.7190,2,1,8961448,58,0.098472,3.52302,-7.68769,0.528172,-0.129859,
453.0000,2,1,8961448,58,0.110786,3.37486,-7.58899,0.548377,-0.120828,
453.2810,2,1,8961448,58,0.10845,3.25691,-7.58266,0.551406,-0.136383,
453.5630,2,1,8962599,58,0.12218,3.17834,-7.5102,0.529268,-0.120129,
453.8590,2,1,8962599,58,0.108502,3.14457,-7.32773,0.572432,-0.117814,
454.1410,2,1,8962599,58,0.122323,3.13864,-7.44698,0.507864,-0.121346,
454.4380,2,1,8962599,58,0.124308,3.1787,-7.48535,0,-0.0903083,
454.7190,2,1,8963749,58,0.100836,3.23295,-7.67617,0,-0.112098,
455.0160,2,1,8963749,58,0.0958731,3.2997,-7.45188,0,-0.153865,
455.2970,2,1,8963749,58,0.0708262,3.33919,-7.421,0,-0.125326,
455.5780,2,1,8963749,58,0.0722177,3.23304,-7.60704,0,-0.1311,
455.8440,2,1,8964883,58,0.0787968,2.94837,-7.48166,0,-0.130084,
456.1410,2,1,8964883,58,0.0936893,3.00091,-7.5954,0,-0.127307,
456.4380,2,1,8964883,58,0.0903198,3.21739,-7.79063,0,-0.149898,
456.7190,2,1,8964883,58,0.113122,3.1437,-7.77049,0,-0.124059,
457.0000,2,1,8966033,58,0.0948136,2.88644,-7.87577,0,-0.10699,
457.2970,2,1,8966033,58,0.113154,2.88138,-7.78464,0,-0.1157,
457.5780,2,1,8966033,58,0.102431,2.8481,-7.98231,0,-0.109386,
457.8590,2,1,8966033,58,0.108233,2.81145,-7.68823,0,-0.119183,
458.1410,2,1,8967183,59,0.111916,2.96419,-7.59442,0,-0.124033,
458.4530,2,1,8967183,59,0.106481,2.77056,-7.55951,0,-0.106086,
458.7340,2,1,8967183,59,0.105161,2.81678,-7.49957,0,-0.1251,
459.0160,2,1,8967183,59,0.143738,2.81463,-7.80811,0,-0.110838,
459.2970,2,1,8968333,59,0.116822,2.76639,-7.88239,0,-0.121477,
459.5940,2,1,8968333,59,0.124478,2.73918,-7.86572,0,-0.102391,
459.8750,2,1,8968333,59,0.13692,2.51582,-7.70865,0,-0.0572916,
460.1560,2,1,8968333,59,0.128905,2.55859,-7.99986,0,-0.0773428,
460.4530,2,1,8969483,59,0.0883865,2.98203,-7.93144,0,-0.109144,
460.7500,2,1,8969483,59,0.15961,3.08031,-8.10225,0,-0.110357,
461.0310,2,1,8969483,59,0.12321,3.17406,-8.24069,0,-0.118521,
461.3130,2,1,8969483,59,0.120618,3.18953,-8.48074,0,-0.102184,
461.5940,2,1,8970634,59,0.128304,3.42329,-8.90924,0,-0.103463,
461.8910,2,1,8970634,59,0.127503,3.38449,-8.80925,0,-0.127145,
462.1880,2,1,8970634,59,0.113499,3.18782,-9.0412,0,-0.143183,
462.4690,2,1,8970634,59,0.11091,2.82279,-9.18213,0,-0.147306,
462.7500,2,1,8971784,59,0.136897,2.79039,-8.91045,0.44664,-0.163667,
463.0470,2,1,8971784,59,0.117124,2.55801,-8.96959,0.548896,-0.138101,
463.3280,2,1,8971784,59,0.141776,2.61816,-9.05789,0.51718,-0.137352,
463.6090,2,1,8971784,59,0.175301,2.67964,-8.95658,0.523888,-0.147812,
463.8910,2,1,8972934,59,0.141263,2.65725,-9.00828,0.515079,-0.148837,
464.2030,2,1,8972934,59,0.132716,2.61676,-9.08891,0.503607,-0.148276,
464.4840,2,1,8972934,59,0.13338,2.41696,-8.98025,0.545408,-0.151722,
464.7660,2,1,8972934,59,0.149524,2.47519,-8.81971,0.518245,-0.135056,
465.0470,2,1,8974085,59,0.143227,2.34268,-8.23328,0,-0.0739685,
465.3440,2,1,8974085,59,0.145583,2.5888,-8.15809,0,-0.109358,
465.6250,2,1,8974085,59,0.135475,2.86161,-7.59796,0,-0.114705,
465.9220,2,1,8974085,59,0.0994424,2.83803,-7.64287,0,-0.138239,
466.2030,2,1,8975235,59,0.0930276,2.52037,-8.06437,0,-0.112975,
466.5000,2,1,8975235,59,0.100297,2.35875,-8.12419,0,-0.112335,
466.7810,2,1,8975235,59,0.10444,2.50158,-8.16559,0,-0.121168,
467.0630,2,1,8975235,59,0.0916925,2.46213,-8.3492,0,-0.112979,
467.3440,2,1,8976385,59,0.102925,2.33722,-8.43278,0,-0.117704,
467.6560,2,1,8976385,59,0.109072,2.29757,-8.4026,0,-0.0980132,
467.9380,2,1,8976385,59,0.107671,2.21072,-8.22727,0,-0.105867,
468.2190,2,1,8976385,59,0.108112,2.05995,-7.84136,0,-0.0792732,
468.5000,2,1,8977535,59,0.111341,1.9883,-8.06765,0,-0.0863302,
468.7970,2,1,8977535,59,0.111896,1.86798,-8.08749,0,-0.0889731,
469.0780,2,1,8977535,59,0.133947,1.63694,-7.90946,0,-0.0986832,
469.3590,2,1,8977535,59,0.143397,1.48257,-8.06503,0.370902,-0.155697,
469.6560,2,1,8978685,59,0.154192,1.80719,-8.00344,0.780672,-0.165815,
469.9530,2,1,8978685,59,0.152146,2.26044,-8.22149,0.797256,-0.161993,
470.2340,2,1,8978685,59,0.157667,2.22785,-8.33161,0.782719,-0.143735,
470.5160,2,1,8978685,59,0.158569,2.29669,-8.03961,0.827741,-0.168066,
470.7970,2,1,8979836,59,0.120852,2.14622,-8.02582,0.765967,-0.147876,
471.0940,2,1,8979836,59,0.135903,2.03998,-8.1091,0.80169,-0.132052,
471.3910,2,1,8979836,59,0.113224,2.0225,-7.90622,0.827349,-0.158104,
471.6720,2,1,8979836,59,0.141544,1.92079,-8.04573,0.827333,-0.14796,
471.9530,2,1,8980986,59,0.140448,2.06979,-8.17602,0.459651,-0.108596,
472.2500,2,1,8980986,59,0.136953,1.98037,-7.87753,0.5309,-0.101355,
472.5310,2,1,8980986,59,0.12713,2.00773,-7.95096,0.788269,-0.145215,
472.8130,2,1,8980986,59,0.105007,2.22048,-8.176,0.770996,-0.157308,
473.0780,2,1,8982119,59,0.134467,2.16923,-8.09064,0.806736,-0.148998,
473.3910,2,1,8982119,59,0.123832,2.14399,-8.19979,0.780035,-0.120223,
473.6720,2,1,8982119,59,0.11312,2.19762,-8.02952,0.785491,-0.136479,
473.9530,2,1,8982119,59,0.120389,2.05123,-8.07719,0.814325,-0.134494,
474.2340,2,1,8983270,59,0.132088,1.88553,-8.26972,0.774891,-0.119188,
474.5310,2,1,8983270,59,0.164533,1.66646,-8.24676,0.724581,-0.103493,
474.8130,2,1,8983270,59,0.141188,1.69347,-8.06772,0.72859,-0.124552,
475.0940,2,1,8983270,59,0.158252,1.79132,-8.04218,0.772452,-0.153531,
475.3910,2,1,8984420,59,0.134794,1.63418,-8.20349,0.77747,-0.150281,
475.6880,2,1,8984420,59,0.151379,1.58862,-8.17253,0.749136,-0.137127,
475.9690,2,1,8984420,59,0.166402,1.6509,-8.28079,0.760158,-0.197707,
476.2500,2,1,8984420,59,0.124431,1.59729,-8.49998,0.761681,-0.163858,
476.5310,2,1,8985570,59,0.111808,1.81769,-8.54535,0.78627,-0.168257,
476.8280,2,1,8985570,59,0.149028,1.90567,-8.63156,0.780844,-0.172497,
477.1250,2,1,8985570,59,0.118326,1.94857,-8.11915,0,-0.0933049,
477.4060,2,1,8985570,59,0.155255,2.05394,-8.2637,0,-0.132636,
477.6880,2,1,8986720,59,0.158133,2.10973,-8.4465,0.540008,-0.162453,
477.9840,2,1,8986720,59,0.104742,2.31744,-8.68559,0.476375,-0.155611,
478.2500,2,1,8986720,59,0.109966,2.67777,-8.84966,0.472882,-0.139771,
478.5310,2,1,8986720,59,0.189403,2.57693,-8.92803,0.45183,-0.132772,
478.8130,2,1,8987853,59,0.169882,2.60713,-8.83185,0.474446,-0.150212,
479.1250,2,1,8987853,59,0.146713,2.40998,-8.70249,0.448007,-0.140944,
479.4060,2,1,8987853,59,0.155571,2.32839,-8.62199,0.417168,-0.121923,
479.6880,2,1,8987853,59,0.162374,2.3359,-8.67304,0.430716,-0.122251,
479.9690,2,1,8989005,59,0.183896,2.27665,-8.86189,0.381444,-0.116929,
480.2660,2,1,8989005,59,0.134753,2.16521,-8.86122,0.452009,-0.104175,
480.5470,2,1,8989005,59,0.121542,1.94692,-8.98602,0.425046,-0.124915,
480.8280,2,1,8989005,59,0.112825,2.1423,-8.87706,0.391056,-0.126765,
481.1250,2,1,8990155,59,0.128042,2.0443,-8.84815,0.408524,-0.12556,
481.4220,2,1,8990155,59,0.149965,1.99915,-8.56879,0.441568,-0.139644,
481.7030,2,1,8990155,59,0.134328,1.93213,-8.31942,0.528139,-0.124641,
481.9840,2,1,8990155,59,0.135855,2.00143,-8.30324,0.521446,-0.137267,
482.2660,2,1,8991306,59,0.149037,1.87808,-8.37291,0.523948,-0.118195,
482.5630,2,1,8991306,59,0.137492,1.93173,-8.62282,0.534389,-0.131066,
482.8590,2,1,8991306,59,0.12329,1.85559,-8.6388,0.504059,-0.139084,
483.1410,2,1,8991306,59,0.123151,1.75919,-8.82956,0.459578,-0.135949,
483.4220,2,1,8992457,59,0.133213,1.6871,-8.75428,0.50888,-0.146161,
483.7190,2,1,8992457,59,0.123386,1.83278,-8.56431,0.444993,-0.141416,
484.0000,2,1,8992457,59,0.152025,1.7386,-7.8936,0.195167,-0.0842173,
484.2810,2,1,8992457,59,0.142427,1.64437,-7.66866,0.337771,-0.100118,
484.5780,2,1,8993606,59,0.136756,1.71649,-7.85042,0.406959,-0.107299,
484.8750,2,1,8993606,59,0.121615,1.77517,-7.49483,0.41145,-0.113829,
485.1560,2,1,8993606,59,0.143481,1.46539,-6.91432,0.397299,-0.113054,
485.4380,2,1,8993606,59,0.125326,1.41715,-7.40694,0.33977,-0.106882,
485.7030,2,1,8994740,59,0.110497,4.809,-6.167,0.640989,-0.204281,
486.0000,2,1,8994740,59,0.154153,20.3671,3.2994,0.899462,-0.328491,
486.2810,2,1,8994740,59,0.18922,30,2.46632,0.778695,-0.36058,
486.5780,2,1,8994740,59,0.114874,30,5.47105,0.671503,-0.103904,
486.8590,2,1,8995890,59,0.26755,13.4028,4.26265,0.812848,0.0464328,
487.1560,2,1,8995890,59,0.312832,7.77319,1.92705,0.780539,0.0691411,
487.4380,2,1,8995890,59,0.377148,5.43646,0.593509,0.822818,0.00603307,
487.7190,2,1,8995890,59,0.333272,3.56165,-0.358442,0.854038,0.000547732,
488.0000,2,1,8997041,59,0.313057,2.09811,-0.837366,0.865963,-0.0286151,
488.3130,2,1,8997041,59,0.27033,1.48403,-1.03722,0.881927,-0.0193478,
488.5940,2,1,8997041,59,0.369172,1.51043,-1.00329,0.907539,-0.0104198,
488.8750,2,1,8997041,59,0.361233,1.17411,-1.01239,0.923859,-0.0304398,
489.1560,2,1,8998191,59,0.33953,1.1642,-1.33007,0.944029,-0.0544269,
489.4530,2,1,8998191,59,0.347301,1.07274,-0.894435,0.95193,-0.0923863,
489.7340,2,1,8998191,59,0.325153,0.90812,-0.691223,0.939187,-0.0409184,
490.0160,2,1,8998191,59,0.102621,0.374858,-1.68213,0.949099,-0.061859,
490.3130,2,1,8999342,59,0.168867,0.223954,-1.2721,0.921873,-0.111398,
490.6090,2,1,8999342,59,0.177779,0.234974,-1.55422,0.908302,-0.101853,
490.8910,2,1,8999342,59,0.0932602,-0.342074,-1.10698,0.228911,-0.0866252,
491.1720,2,1,8999342,59,0.0585236,-0.35768,-1.53054,0,-0.107772,
491.4530,2,1,9000491,59,0.0627388,0.924379,-3.32291,0.10876,-0.14051,
491.7500,2,1,9000491,59,0.0111591,3.03358,-6.24846,0.555852,-0.148079,
492.0310,2,1,9000491,59,0.0101469,5.06575,-7.35352,0.610835,-0.15395,
492.3280,2,1,9000491,59,0.0628311,4.47306,-2.64645,0.507962,-0.129016,
492.6090,2,1,9001641,59,0.0301915,6.57228,-1.33607,0,-0.118462,
492.9060,2,1,9001641,59,0.0124429,8.22929,-3.8569,0.357484,-0.204058,
493.1720,2,1,9001641,59,0.0212231,8.64865,-4.73233,0.620502,-0.204988,
493.4530,2,1,9001641,59,0.0219266,7.88563,-6.21673,0.678588,-0.24034,
493.7340,2,1,9002776,59,0.024155,7.16084,-6.73912,0.684143,-0.246358,
494.0470,2,1,9002776,59,0.0189558,7.10082,-6.52419,0.62719,-0.224179,
494.3280,2,1,9002776,59,0.0198207,6.71071,-6.73431,0.595157,-0.205941,
494.6090,2,1,9002776,59,0.0191376,6.12947,-6.95973,0.555596,-0.202946,
494.8910,2,1,9003926,59,0.0163372,5.65347,-6.73247,0.612382,-0.190902,
495.1880,2,1,9003926,59,0.0139551,5.22324,-6.39116,0.579601,-0.207266,
495.4690,2,1,9003926,59,0.0149566,4.86935,-6.41846,0.616637,-0.180098,
495.7500,2,1,9003926,59,0.0158694,4.9124,-6.21977,0.61486,-0.181336,
496.0470,2,1,9005077,59,0.021685,4.81641,-6.0184,0.66453,-0.20917,
496.3440,2,1,9005077,59,0.0291134,4.90103,-6.37815,0.693583,-0.183985,
496.6250,2,1,9005077,59,0.0335183,5.00645,-6.52119,0.717004,-0.191151,
496.9060,2,1,9005077,59,0.0344929,5.36532,-6.52643,0.733608,-0.189607,
497.1880,2,1,9006227,59,0.038189,5.36301,-6.63898,0.744406,-0.208238,
497.4840,2,1,9006227,59,0.041417,5.23887,-6.87096,0.749053,-0.19315,
497.7810,2,1,9006227,59,0.0368468,5.2501,-6.82214,0.793943,-0.212071,
498.0630,2,1,9006227,59,0.0372811,5.18575,-6.62464,0.820068,-0.200608,
498.3280,2,1,9007366,58,0.0371792,4.67873,-5.38353,0.65644,-0.195253,
498.6250,2,1,9007366,58,0.0390619,4.50508,-5.44785,0.94114,-0.204775,
498.9060,2,1,9007366,58,0.0643056,4.37057,-5.4862,0.974587,-0.177174,
499.2030,2,1,9007366,58,0.0807191,4.64714,-5.42599,0.949203,-0.250891,
499.4840,2,1,9008517,59,0.139516,4.83412,-5.91519,0.929575,-0.269787,
499.7810,2,1,9008517,59,0.168014,5.50153,-6.22834,0.95321,-0.241718,
500.0630,2,1,9008517,59,0.139002,6.025,-6.20331,0.927721,-0.213378,
500.3440,2,1,9008517,59,0.121478,6.24088,-6.57955,0.902099,-0.202974,
500.6250,2,1,9009667,59,0.121159,6.42936,-6.52814,0.901214,-0.179403,
500.9380,2,1,9009667,59,0.113002,6.4403,-6.69697,0.906301,-0.221275,
501.2190,2,1,9009667,59,0.12964,5.93621,-6.76213,0.881519,-0.221126,
501.5000,2,1,9009667,59,0.123772,5.77287,-6.81669,0.691754,-0.217683,
501.7810,2,1,9010817,59,0.103837,5.55132,-6.97661,0.807826,-0.223625,
502.0780,2,1,9010817,59,0.0990978,5.18668,-6.97114,0.860064,-0.226513,
502.3590,2,1,9010817,59,0.110731,5.14154,-7.18433,0.8825,-0.228305,
502.6560,2,1,9010817,59,0.106306,4.95598,-7.21113,0.959396,-0.251475,
502.9380,2,1,9011967,59,0.12294,4.89973,-7.33963,0.972213,-0.227352,
503.2340,2,1,9011967,59,0.126786,4.96895,-7.51379,0.979895,-0.204112,
503.5160,2,1,9011967,59,0.119609,5.01852,-7.47915,0.970624,-0.226433,
503.7970,2,1,9011967,59,0.102286,4.90114,-7.43105,0.974639,-0.248433,
504.0780,2,1,9013118,59,0.0771203,4.95186,-7.44366,0.969078,-0.243371,
504.3750,2,1,9013118,59,0.104498,4.92202,-7.50035,0.953292,-0.22638,
504.6720,2,1,9013118,59,0.128372,5.01472,-6.39663,0.710729,-0.254308,
504.9530,2,1,9013118,59,0.118608,5.07516,-6.63746,0.929319,-0.267249,
505.2340,2,1,9014268,59,0.119606,5.18486,-6.74088,0.956685,-0.24076,
505.5310,2,1,9014268,59,0.0971183,5.30563,-6.73754,0.95875,-0.258431,
505.8130,2,1,9014268,59,0.098579,5.45333,-6.95041,0.947701,-0.197145,
506.0940,2,1,9014268,59,0.0816785,5.35932,-7.28183,0.939446,-0.230502,
506.3750,2,1,9015418,59,0.0530549,5.39121,-7.25218,0.924067,-0.23901,
506.6880,2,1,9015418,59,0.0463621,5.73026,-7.05926,0.917897,-0.247505,
506.9690,2,1,9015418,59,0.060441,5.84872,-7.49502,0.915136,-0.209818,
507.2500,2,1,9015418,59,0.0356501,5.7387,-7.56125,0.957788,-0.222095,
507.5310,2,1,9016570,59,0.0228919,6.01119,-7.44714,0.933232,-0.244372,
507.8280,2,1,9016570,59,0.0239026,6.03303,-7.42635,0.949926,-0.250266,
508.1090,2,1,9016570,59,0.0292678,5.66097,-7.03549,0.962187,-0.205717,
508.3910,2,1,9016570,59,0.106946,5.56514,-5.16339,0,-0.132226,
508.6880,2,1,9017718,59,0.101293,5.45469,-4.6254,0.644964,-0.231802,
508.9840,2,1,9017718,59,0.0862855,5.63499,-4.71515,0.815897,-0.224323,
509.2660,2,1,9017718,59,0.131814,6.09799,-4.94646,0.843845,-0.22958,
509.5470,2,1,9017718,59,0.188099,6.66143,-4.84018,0.849333,-0.201608,
509.8280,2,1,9018868,59,0.124605,7.27549,-5.02132,0.87605,-0.202654,
510.1250,2,1,9018868,59,0.161511,6.58348,-4.9409,0.903443,-0.196793,
510.4220,2,1,9018868,59,0.111608,5.54177,-5.23249,0.880058,-0.174095,
510.7030,2,1,9018868,59,0.0620622,4.88565,-5.14037,0.867513,-0.188759,
510.9840,2,1,9020003,59,0.0516303,3.69274,-4.64856,0.347378,-0.108874,
511.2660,2,1,9020003,59,0.037617,3.31967,-4.73735,0.713912,-0.178778,
511.5470,2,1,9020003,59,0.0452746,3.54821,-5.27039,0.840841,-0.207091,
511.8280,2,1,9020003,59,0.0589999,4.09823,-5.80978,0.797873,-0.219315,
512.1090,2,1,9021152,59,0.0327128,5.22702,-7.17394,0.804351,-0.224952,
512.4220,2,1,9021152,59,0.0180024,5.92867,-7.20018,0.80518,-0.28771,
512.7030,2,1,9021152,59,0.0222616,6.48185,-6.83168,0.787077,-0.275151,
512.9840,2,1,9021152,59,0.0437262,6.46363,-6.75095,0.773165,-0.233404,
513.2660,2,1,9022302,59,0.074143,6.44042,-6.40071,0.763947,-0.206261,
513.5630,2,1,9022302,59,0.0722167,6.31611,-6.43041,0.721084,-0.243578,
513.8440,2,1,9022302,59,0.0755825,6.4209,-6.69844,0.736666,-0.247066,
514.1410,2,1,9022302,59,0.0718457,6.44894,-6.65846,0.754583,-0.280083,
514.4220,2,1,9023454,59,0.0800002,6.16909,-6.40402,0.776157,-0.275276,
514.7190,2,1,9023454,59,0.0902393,6.0507,-6.55383,0.705002,-0.228187,
515.0000,2,1,9023454,59,0.0650529,5.77265,-6.70778,0.72894,-0.234979,
515.2810,2,1,9023454,59,0.0689137,5.77668,-6.60972,0.706292,-0.196565,
515.5630,2,1,9024603,59,0.0612997,6.02208,-6.42898,0.66844,-0.207392,
515.8590,2,1,9024603,59,0.0629461,5.72821,-6.30625,0.696005,-0.200775,
516.1560,2,1,9024603,59,0.0714693,5.69116,-6.97314,0.796774,-0.210081,
516.4380,2,1,9024603,59,0.0522113,5.70334,-6.88471,0.828952,-0.226281,
516.7190,2,1,9025753,59,0.0828107,5.42771,-6.59814,0.877372,-0.234537,
517.0160,2,1,9025753,59,0.0979439,5.49303,-5.22024,0.930658,-0.252563,
517.2970,2,1,9025753,59,0.120837,5.90403,-4.91625,0.951151,-0.199897,
517.5780,2,1,9025753,59,0.102494,6.34413,-5.00406,0.919137,-0.173476,
517.8750,2,1,9026903,59,0.0852141,6.13439,-5.03567,0.181223,-0.116378,
518.1720,2,1,9026903,59,0.0897214,6.04853,-5.10374,0.717032,-0.224588,
518.4530,2,1,9026903,59,0.112838,5.89568,-5.09495,0.857582,-0.204255,
518.7340,2,1,9026903,59,0.106576,5.70731,-5.169,0.881696,-0.190268,
519.0160,2,1,9028053,59,0.102383,5.82178,-5.11163,0.873214,-0.224274,
519.3130,2,1,9028053,59,0.113798,5.68363,-5.30128,0.872536,-0.215936,
519.5940,2,1,9028053,59,0.127608,5.57188,-5.46427,0.822665,-0.201126,
519.8910,2,1,9028053,59,0.0759941,5.39096,-5.29261,0.81993,-0.199679,
520.1720,2,1,9029188,59,0.0996936,5.27663,-5.76374,0.816108,-0.190692,
520.4530,2,1,9029188,59,0.0559837,5.18914,-6.17727,0.773222,-0.18676,
520.7340,2,1,9029188,59,0.0712149,5.15617,-5.88297,0.802116,-0.228936,
521.0160,2,1,9029188,59,0.0574916,4.93531,-5.86284,0.770189,-0.205246,
521.2970,2,1,9030337,59,0.0717185,5.02545,-5.95342,0.780594,-0.220036,
521.5940,2,1,9030337,59,0.0800706,4.96547,-6.0319,0.758513,-0.198578,
521.8910,2,1,9030337,59,0.0708489,4.86471,-5.79504,0.751097,-0.214862,
522.1720,2,1,9030337,59,0.0671811,4.93049,-5.78415,0.695871,-0.169044,
522.4530,2,1,9031487,59,0.0744164,4.81418,-5.9211,0.665047,-0.175382,
522.7500,2,1,9031487,59,0.0676818,4.67563,-5.98193,0.668055,-0.175655,
523.0310,2,1,9031487,59,0.0565551,4.70021,-6.07936,0.679873,-0.211221,
523.3130,2,1,9031487,59,0.069699,4.76243,-6.03759,0.688726,-0.23423,
523.5940,2,1,9032637,59,0.0664228,4.95027,-6.06778,0.716193,-0.205614,
523.9060,2,1,9032637,59,0.0588018,5.19687,-6.43678,0.765593,-0.198099,
524.1880,2,1,9032637,59,0.0708142,5.11653,-6.21978,0.755212,-0.214825,
524.4690,2,1,9032637,59,0.0588362,4.96553,-5.66747,0.0354302,-0.131534,
524.7500,2,1,9033788,59,0.0730507,5.0977,-5.80895,0.729882,-0.215267,
525.0470,2,1,9033788,59,0.0731018,5.15681,-6.11448,0.80721,-0.206627,
525.3280,2,1,9033788,59,0.0872022,5.05553,-6.08543,0.821967,-0.22308,
525.6250,2,1,9033788,59,0.065295,5.16037,-6.31257,0.748477,-0.207633,
525.9060,2,1,9034938,59,0.0643444,5.38159,-6.3694,0.775267,-0.20336,
526.2030,2,1,9034938,59,0.0761251,5.42134,-6.06484,0.839341,-0.213146,
526.4840,2,1,9034938,59,0.0725616,5.34771,-6.00719,0.870547,-0.217586,
526.7660,2,1,9034938,59,0.0806598,5.4376,-6.10621,0.865045,-0.205606,
527.0470,2,1,9036088,59,0.0877628,5.57682,-6.05297,0.835047,-0.212805,
527.3590,2,1,9036088,59,0.0715361,5.53342,-5.95216,0.819382,-0.228436,
527.6410,2,1,9036088,59,0.0893122,5.57648,-5.9635,0.823963,-0.221595,
527.9220,2,1,9036088,59,0.0881075,5.47613,-6.079,0.832045,-0.228072,
528.2030,2,1,9037239,59,0.0811967,5.28462,-6.04985,0.81034,-0.216814,
528.5000,2,1,9037239,59,0.07974,5.08878,-5.9395,0.830411,-0.212839,
528.7810,2,1,9037239,59,0.0723703,5.42683,-5.82918,0.79013,-0.214104,
529.0630,2,1,9037239,59,0.0791144,5.58633,-5.4878,0.784708,-0.221758,
529.3590,2,1,9038389,59,0.0956699,5.07249,-5.33945,0,-0.104349,
529.6560,2,1,9038389,59,0.0677695,5.24258,-5.16691,0.533097,-0.185485,
529.9380,2,1,9038389,59,0.046657,5.57755,-5.58119,0,-0.107238,
530.2190,2,1,9038389,59,0.0344619,6.05855,-5.51973,0.501538,-0.200018,
530.5000,2,1,9039540,59,0.0371866,6.45893,-5.82709,0.721908,-0.241875,
530.7970,2,1,9039540,59,0.0466168,6.4811,-6.18274,0.755331,-0.249438,
531.0940,2,1,9039540,59,0.0681313,6.52162,-6.02582,0.767306,-0.231442,
531.3750,2,1,9039540,59,0.0794513,6.12739,-5.743,0.785451,-0.216475,
531.6560,2,1,9040690,59,0.0740932,5.94695,-5.44463,0.771006,-0.242116,
531.9530,2,1,9040690,59,0.0850781,6.16972,-5.43837,0.759235,-0.223834,
532.2340,2,1,9040690,59,0.0883141,6.35699,-5.12108,0.734105,-0.241852,
532.5160,2,1,9040690,59,0.159058,7.33177,-5.05628,0.706818,-0.246393,
532.7970,2,1,9041840,59,0.232911,7.79288,-5.06653,0.739101,-0.25776,
533.1090,2,1,9041840,59,0.195314,8.41887,-5.14265,0.779382,-0.239405,
533.3910,2,1,9041840,59,0.186685,8.54107,-5.25989,0.774874,-0.236861,
533.6720,2,1,9041840,59,0.171002,8.22768,-5.76902,0.765775,-0.266607,
533.9530,2,1,9042992,59,0.173639,7.86824,-6.04041,0.732474,-0.232267,
534.2500,2,1,9042992,59,0.127439,7.83869,-6.09647,0.698516,-0.233096,
534.5310,2,1,9042992,59,0.117206,7.61473,-6.10234,0.711841,-0.226088,
534.8280,2,1,9042992,59,0.110639,7.78394,-6.05407,0.691284,-0.220913,
535.1090,2,1,9044140,59,0.159038,7.72192,-5.99214,0.704743,-0.224299,
535.4060,2,1,9044140,59,0.153719,7.84648,-5.93674,0.777356,-0.272402,
535.6880,2,1,9044140,59,0.161767,7.84762,-5.80173,0.672949,-0.252586,
535.9690,2,1,9044140,59,0.180848,7.62157,-5.77855,0.503267,-0.234598,
536.2500,2,1,9045290,59,0.184024,7.64312,-5.72656,0.491397,-0.191787,
536.5470,2,1,9045290,59,0.180467,7.40328,-5.51935,0.213668,-0.146676,
536.8440,2,1,9045290,59,0.182437,7.39549,-5.52174,0.0590183,-0.182535,
537.1250,2,1,9045290,59,0.193477,7.4528,-5.72432,0.662889,-0.262512,
537.4060,2,1,9046424,59,0.180311,7.37126,-5.7853,0.730762,-0.284068,
537.6880,2,1,9046424,59,0.168712,7.22746,-4.59597,0.625536,-0.253413,
537.9690,2,1,9046424,59,0.310266,8.37529,-1.3364,0.577336,-0.179912,
538.2500,2,1,9046424,59,0.209975,8.83431,2.71491,0.647007,-0.00670991,
538.5310,2,1,9047573,59,0.341485,7.11438,4.4242,0.743002,-0.00961893,
538.8440,2,1,9047573,59,0.264722,7.8617,5.58551,0.77611,0.0438417,
539.1250,2,1,9047573,59,0.168639,7.63247,7.15021,0.799621,0.021628,
539.4060,2,1,9047573,59,0.103682,6.97677,7.37714,0.823251,0.0278715,
539.6880,2,1,9048723,59,0.147353,5.90011,9.18808,0.820551,0.0241712,
539.9840,2,1,9048723,59,0.124564,4.53836,10.5614,0.79884,-0.0406589,
540.2660,2,1,9048723,59,0.0557582,4.30183,10.1493,0.750174,-0.0411657,
540.5630,2,1,9048723,59,0.12162,3.94695,10.6095,0.632875,-0.004627,
540.8440,2,1,9049874,59,0.140721,5.59694,10.7486,0.388514,-0.161267,
541.1410,2,1,9049874,59,0.11347,9.35479,11.6911,0.738401,-0.172396,
541.4220,2,1,9049874,59,0.0956541,9.40794,9.99543,0.132236,0.00704782,
541.7030,2,1,9049874,59,0.0865414,1.75074,8.40592,0.725948,-0.0290958,
541.9840,2,1,9051024,59,0.0519928,-1.5438,7.29,0.690596,0.00559834,
542.2810,2,1,9051024,59,0.0438506,-5.6551,7.13462,0.761123,0.0155118,
542.5780,2,1,9051024,59,0.0376409,-7.80395,7.24493,0.838373,0.025093,
542.8590,2,1,9051024,59,0.118704,-8.67033,7.87566,0.751649,0.0156499,
543.1410,2,1,9052174,59,0.136435,-9.1248,8.61706,0.747788,0.0312445,
543.4380,2,1,9052174,59,0.212915,-8.75444,8.13986,0.818934,0.0236401,
543.7190,2,1,9052174,59,0.155257,-8.75826,7.297,0.881822,0.0304753,
544.0000,2,1,9052174,59,0.0491148,-8.77716,5.79893,0.896146,0.0349846,
544.2810,2,1,9053324,59,0.0121582,-9.31308,2.37693,0.841826,-0.0138013,
544.5940,2,1,9053324,59,0.00787689,-9.752,1.95069,0.840939,-0.00286504,
544.8750,2,1,9053324,59,0.0427972,-10.5287,2.81505,0.790802,0.027562,
545.1560,2,1,9053324,59,0.0406663,-10.7445,3.3376,0.805995,0.0110474,
545.4380,2,1,9054475,59,0.0378358,-11.4601,3.38359,0.771289,0.00666535,
545.7340,2,1,9054475,59,0.0465516,-12.2866,3.50756,0.768866,0.00274075,
546.0160,2,1,9054475,59,0.0425853,-12.5704,3.95056,0.827209,0.01983,
546.3130,2,1,9054475,59,0.0399702,-12.6229,4.1176,0.815058,0.00558869,
546.5940,2,1,9055626,59,0.0509004,-12.2934,3.97657,0.784585,-0.0189689,
546.8910,2,1,9055626,59,0.0538567,-12.2616,2.9801,0.869305,0.00131718,
547.1720,2,1,9055626,59,0.0772648,-11.5111,2.37452,0.907961,-0.0217313,
547.4530,2,1,9055626,59,0.0639878,-11.1189,2.58803,0.867782,-0.0183318,
547.7340,2,1,9056775,59,0.0448117,-11.6901,3.2227,0.294411,0.0127164,
548.0310,2,1,9056775,59,0.0937577,-12.1862,3.7825,0.153105,0.0232176,
548.3280,2,1,9056775,59,0.0664813,-11.0181,2.90612,0.76318,0.00450582,
548.6090,2,1,9056775,59,0.0321457,-9.70236,2.66176,0.845682,0.00530595,
548.8910,2,1,9057925,59,0.0352332,-8.41734,2.9304,0.901239,0.00726848,
549.1880,2,1,9057925,59,0.0308516,-7.63271,4.84432,0.867467,0.0269029,
549.4690,2,1,9057925,59,0.0373401,-6.19744,4.81374,0.874569,0.0351702,
549.7500,2,1,9057925,59,0.0280791,-5.17691,4.76137,0.874343,0.0279546,
550.0470,2,1,9059076,59,0.0234797,-5.28836,4.87302,0.869877,0.0111656,
550.3440,2,1,9059076,59,0.0212598,-6.02104,5.51332,0.840398,0.0235678,
550.6250,2,1,9059076,59,0.0271904,-5.84041,5.22848,0.768524,0.0287985,
550.9060,2,1,9059076,59,0.0337539,-5.48922,3.87335,0.774131,0.0202139,
551.1880,2,1,9060226,59,0.0590872,-4.79203,2.16448,0.832628,0.0206898,
551.4840,2,1,9060226,59,0.0563157,-4.27006,1.0503,0.892093,0.00889365,
551.7810,2,1,9060226,59,0.0508596,-4.97043,-0.597559,0.867313,0.00053562,
552.0630,2,1,9060226,59,0.0443525,-5.48242,-0.647611,0.85345,0.023653,
552.3440,2,1,9061376,59,0.0417776,-8.34038,-0.656843,0.433469,0.033077,
552.6410,2,1,9061376,59,0.0424172,-8.81755,-1.36265,0.643819,0.0354455,
552.9220,2,1,9061376,59,0.0325944,-8.55852,-2.4814,0.917409,-0.0196982,
553.2030,2,1,9061376,59,0.0333301,-8.58104,-1.86734,0.919009,-0.0459214,
553.4840,2,1,9062527,59,0.034018,-8.7278,-1.50223,0.922875,-0.0614873,
553.7970,2,1,9062527,59,0.0349631,-8.77527,-2.15578,0.915818,-0.0636745,
554.0630,2,1,9062527,59,0.0335784,-8.99697,-2.39338,0.906128,-0.0485672,
554.3440,2,1,9062527,59,0.0324577,-9.20365,-2.29233,0.89586,-0.0532775,
554.6250,2,1,9063661,59,0.0309711,-9.20214,-2.25208,0.862551,-0.0481085,
554.9220,2,1,9063661,59,0.0290702,-9.31237,-1.99474,0.877949,-0.0643639,
555.2030,2,1,9063661,59,0.0332337,-9.25125,-1.81378,0.864641,-0.0467727,
555.4840,2,1,9063661,59,0.0301755,-9.10916,-1.49939,0.869562,-0.0683426,
555.7810,2,1,9064811,58,0.0298731,-9.34835,-1.23874,0.890059,-0.0589471,
556.0780,2,1,9064811,58,0.0308546,-9.3854,-1.13448,0.865573,-0.0544734,
556.3590,2,1,9064811,58,0.0332033,-8.37543,-1.50792,0.830164,-0.0310299,
556.6410,2,1,9064811,58,0.0342527,-7.82299,-1.59197,0.849104,-0.0389971,
556.9220,2,1,9065962,58,0.0347437,-7.72974,-1.1502,0.83924,0.00853679,
557.2190,2,1,9065962,58,0.0344416,-8.15882,-0.820295,0.799596,0.0172125,
557.5160,2,1,9065962,58,0.0347222,-8.54981,-0.407761,0.77144,0.0204583,
557.7970,2,1,9065962,58,0.0371265,-8.69454,-0.413601,0.756842,0.0211182,
558.0780,2,1,9067112,58,0.033926,-8.66428,-0.918601,0.771656,0.0357741,
558.3750,2,1,9067112,58,0.0342916,-8.80464,-0.483311,0.794265,0.00731447,
558.6560,2,1,9067112,58,0.0329085,-8.46822,-0.773125,0.799866,0.0119093,
558.9380,2,1,9067112,58,0.0324643,-8.839,-1.00205,0.843005,-0.00860315,
559.2190,2,1,9068262,58,0.037505,-9.42051,-1.00013,0.455974,-1.78005e-05,
559.5310,2,1,9068262,58,0.0391567,-9.14987,-0.950494,0.712963,0.0175845,
559.7970,2,1,9068262,58,0.0355659,-9.13706,-0.869147,0.796919,0.0174482,
560.0630,2,1,9068262,58,0.0354117,-9.24951,-0.91888,0.804177,0.0114856,
560.3440,2,1,9069379,58,0.0360091,-9.1648,-1.64521,0.795822,0.0162605,
560.6410,2,1,9069379,58,0.0304176,-8.54555,-1.82181,0.849811,0.00489002,
560.9220,2,1,9069379,58,0.0325147,-8.48745,-1.60349,0.884983,-0.0131443,
561.2030,2,1,9069379,58,0.031907,-8.54809,-1.58893,0.884862,-0.0347334,
561.5000,2,1,9070530,58,0.0293554,-8.87362,-1.59216,0.859336,-0.0482735,
561.7970,2,1,9070530,58,0.0348053,-8.74252,-1.75433,0.914335,-0.0629038,
562.0780,2,1,9070530,58,0.0352982,-8.54997,-1.8884,0.88842,-0.0441529,
562.3590,2,1,9070530,58,0.035978,-8.27421,-2.3601,0.872677,-0.00566741,
562.6410,2,1,9071680,58,0.0345859,-8.2059,-2.33003,0.877723,-0.0246637,
562.9530,2,1,9071680,58,0.0325598,-8.05535,-2.28575,0.83921,-0.0150474,
563.2340,2,1,9071680,58,0.0315624,-8.24154,-2.52699,0.86487,-0.0334661,
563.5160,2,1,9071680,58,0.0314065,-8.05873,-2.62528,0.873081,-0.0318763,
563.7970,2,1,9072831,58,0.0322139,-8.16192,-3.06081,0.871064,-0.0429337,
564.0940,2,1,9072831,58,0.0291557,-8.3696,-2.6495,0.399451,-0.0339146,
564.3750,2,1,9072831,58,0.0334783,-7.83363,-3.3107,0.748743,-0.0122008,
564.6560,2,1,9072831,58,0.0328932,-7.4628,-3.09129,0.897219,0.00524536,
564.9530,2,1,9073980,58,0.0301649,-7.5431,-2.5385,0.910715,-0.00762775,
565.2500,2,1,9073980,58,0.0331337,-7.89926,-2.42798,0.895078,0.00288422,
565.5310,2,1,9073980,58,0.0320272,-7.92939,-2.65732,0.868704,0.00169149,
565.8130,2,1,9073980,58,0.0331355,-8.09795,-2.74672,0.904896,-0.0241552,
566.0940,2,1,9075131,58,0.0300738,-8.12478,-2.74848,0.914648,-0.00988185,
566.3910,2,1,9075131,58,0.0280634,-8.15973,-1.84171,0.90969,-0.00547302,
566.6720,2,1,9075131,58,0.0237022,-8.53758,-1.78991,0.903804,-0.00417246,
566.9690,2,1,9075131,58,0.0227981,-8.69476,-1.78364,0.888762,-0.0105206,
567.2500,2,1,9076281,58,0.0209081,-8.61513,-1.78496,0.851795,-0.0127646,
567.5470,2,1,9076281,58,0.020674,-8.64517,-1.62449,0.832348,0.00767385,
567.8280,2,1,9076281,58,0.0206062,-8.6009,-1.84745,0.78378,0.00770731,
568.1090,2,1,9076281,58,0.0209573,-8.38028,-1.65621,0.785221,0.00972303,
568.3910,2,1,9077431,58,0.019163,-8.6255,-1.85318,0.810355,-0.00789123,
568.7030,2,1,9077431,58,0.0199879,-9.56024,-1.01597,0.229264,0.00195953,
568.9840,2,1,9077431,58,0.019792,-9.2607,-1.22288,0.593629,-0.0027244,
569.2660,2,1,9077431,58,0.0210368,-8.98971,-1.38957,0.75619,-0.00338735,
569.5470,2,1,9078581,58,0.0255812,-9.13511,-1.45752,0.780462,0.00756993,
569.8440,2,1,9078581,58,0.0266992,-8.97419,-2.08763,0.749753,0.0164657,
570.1250,2,1,9078581,58,0.0221531,-9.00805,-2.28918,0.76938,0.00309146,
570.4220,2,1,9078581,58,0.0230125,-9.06038,-1.44878,0.810143,0.00455801,
570.7030,2,1,9079731,58,0.0244188,-8.70318,-0.927304,0.798893,-0.0168523,
571.0000,2,1,9079731,58,0.0260807,-8.72019,-1.4096,0.807423,0.0156078,
571.2810,2,1,9079731,58,0.0367271,-8.86684,-1.01172,0.812718,-0.000896941,
571.5630,2,1,9079731,58,0.0408712,-8.74916,-0.385237,0.803067,0.0221267,
571.8440,2,1,9080882,58,0.0448106,-8.14244,-0.334817,0.886366,0.0176133,
572.1410,2,1,9080882,58,0.0304761,-6.29268,0.471037,0.880412,0.0427771,
572.4380,2,1,9080882,58,0.0165767,-4.0849,2.10665,0.57173,0.0200558,
572.7190,2,1,9080882,58,0.0606211,-3.1872,3.11175,0.789123,0.0244904,
573.0000,2,1,9082032,58,0.0290879,-3.36099,2.72534,0.737407,0.0382076,
573.2970,2,1,9082032,58,0.0146312,-5.08095,2.61899,0.768405,0.0220822,
573.5780,2,1,9082032,58,0.0324997,-6.82938,2.82995,0.891376,0.00227456,
573.8590,2,1,9082032,58,0.136797,-8.68152,2.70675,0.854409,-0.0139559,
574.1410,2,1,9083183,58,0.146932,-9.28044,1.9216,0.8278,0.0230788,
574.4530,2,1,9083183,58,0.16492,-9.42165,2.13169,0.879686,0.0259993,
574.7340,2,1,9083183,58,0.11694,-9.6121,1.89788,0.856979,0.0301942,
575.0160,2,1,9083183,58,0.07493,-9.9905,1.98719,0.834066,0.0395956,
575.2970,2,1,9084333,58,0.106992,-10.3858,2.60549,0.508931,0.0239512,
575.5940,2,1,9084333,58,0.1063,-10.3239,2.49977,0.382321,0.0235904,
575.8750,2,1,9084333,58,0.121389,-10.2715,1.88762,0.82662,0.0166771,
576.1720,2,1,9084333,58,0.159469,-10.1967,1.87687,0.878652,0.0225702,
576.4530,2,1,9085484,59,0.167682,-9.95154,1.90556,0.887814,0.0279981,
576.7500,2,1,9085484,59,0.169126,-9.92589,1.70965,0.86952,0.0255238,
577.0310,2,1,9085484,59,0.198114,-10.0567,1.61006,0.895968,-0.0244869,
577.3130,2,1,9085484,59,0.182601,-10.2221,1.99155,0.884262,-0.0155102,
577.5940,2,1,9086634,59,0.132714,-9.82018,1.64268,0.866422,-0.0209892,
577.9060,2,1,9086634,59,0.184109,-9.58348,1.31523,0.854188,-0.0200725,
578.1880,2,1,9086634,59,0.210722,-9.67652,0.946421,0.858622,-0.0517304,
578.4690,2,1,9086634,59,0.182057,-9.51488,0.812886,0.902898,-0.0812756,
578.7500,2,1,9087785,59,0.11553,-9.46422,0.929888,0.930038,-0.101978,
579.0470,2,1,9087785,59,0.135869,-9.4166,0.41581,0.905375,-0.112984,
579.3280,2,1,9087785,59,0.390178,-7.28044,1.75044,0.843877,-0.081996,
579.5940,2,1,9087785,59,0.316617,-3.71067,5.98976,0.507888,-0.0150602,
579.8910,2,1,9088918,59,0.332717,0.0277554,8.84011,0.777825,0.0288651,
580.1880,2,1,9088918,59,0.378639,0.804702,9.28336,0.870959,0.0302651,
580.4690,2,1,9088918,59,0.363372,0.98626,9.42996,0.828779,0.0189732,
580.7500,2,1,9088918,59,0.273262,1.00948,10.4991,0.78603,0.0256402,
581.0310,2,1,9090068,59,0.25653,1.55244,10.1308,0.787021,0.00560104,
581.3280,2,1,9090068,59,0.261325,0.889722,8.22265,0.752784,0.0182664,
581.6090,2,1,9090068,59,0.232129,-0.708143,6.10853,0.776273,-0.00565376,
581.9060,2,1,9090068,59,0.291901,-1.29687,4.99044,0.709227,-0.0106542,
582.1880,2,1,9091219,59,0.109553,-1.22825,5.39237,0.278486,-0.0365984,
582.4840,2,1,9091219,59,0.281631,2.51237,7.62821,0.622095,-0.0876304,
582.7660,2,1,9091219,59,0.163698,8.85585,8.22971,0.624625,-0.134018,
583.0470,2,1,9091219,59,0.0348876,12.0681,7.28204,0.608918,-0.139345,
583.3280,2,1,9092369,59,0.0153555,15.3168,1.85175,0.639764,-0.121663,
583.6410,2,1,9092369,59,0.149068,14.6089,-0.845392,0.476638,-0.120202,
583.9220,2,1,9092369,59,0.146459,13.4202,-4.93782,0.351432,-0.169214,
584.2030,2,1,9092369,59,0.207089,13.301,-6.33308,0.445554,-0.145525,
584.4840,2,1,9093519,59,0.195972,12.205,-6.58869,0.573385,-0.157879,
584.7810,2,1,9093519,59,0.116626,10.3131,-5.62897,0.5949,-0.208708,
585.0630,2,1,9093519,59,0.120883,9.53172,-6.18722,0.567237,-0.214253,
585.3440,2,1,9093519,59,0.120381,8.7077,-5.54021,0.512668,-0.248208,
585.6410,2,1,9094669,59,0.0828262,8.9871,-6.18197,0.587255,-0.231234,
585.9380,2,1,9094669,59,0.0796455,10.6627,-6.1877,0.592667,-0.188375,
586.2190,2,1,9094669,59,0.0767146,11.5571,-7.93413,0.610644,-0.135174,
586.5000,2,1,9094669,59,0.0528196,11.3666,-7.62559,0.651805,-0.139402,
586.7810,2,1,9095820,59,0.0194753,10.6632,-8.46315,0.591926,-0.145554,
587.0780,2,1,9095820,59,0.0169546,9.74087,-8.66024,0.583327,-0.1471,
587.3590,2,1,9095820,59,0.023795,8.82298,-8.40909,0.610006,-0.157726,
587.6560,2,1,9095820,59,0.0252306,8.32566,-7.87919,0.593143,-0.204646,
587.9380,2,1,9096970,59,0.0231993,8.01639,-7.63266,0.597886,-0.223596,
588.2340,2,1,9096970,59,0.0304663,7.92925,-7.58046,0.588652,-0.197188,
588.5160,2,1,9096970,59,0.02951,7.82982,-7.52312,0.534065,-0.172137,
588.7970,2,1,9096970,59,0.0350682,7.97487,-7.32476,0.487295,-0.158664,
589.0780,2,1,9098120,59,0.0350688,7.86815,-6.91668,0.254463,-0.12547,
589.3910,2,1,9098120,59,0.0392127,7.86305,-6.96876,0.229397,-0.0877827,
589.6720,2,1,9098120,59,0.0488779,7.86156,-7.24381,0.184554,-0.09406,
589.9530,2,1,9098120,59,0.0586235,7.52516,-7.38894,0.255439,-0.109227,
590.2340,2,1,9099270,59,0.0528551,7.73103,-7.36474,0.31277,-0.11304,
590.5310,2,1,9099270,59,0.0612368,7.5532,-7.17545,0.345996,-0.122469,
590.8130,2,1,9099270,59,0.0637433,7.27963,-7.0784,0.375266,-0.131214,
591.0940,2,1,9099270,59,0.0619488,7.01495,-7.23367,0.313059,-0.117036,
591.3910,2,1,9100420,59,0.0565836,6.83983,-7.20845,0.179903,-0.0890892,
591.6880,2,1,9100420,59,0.056069,6.68934,-7.01699,0.242849,-0.0970732,
591.9690,2,1,9100420,59,0.0514016,7.07823,-6.93273,0.695003,-0.150177,
592.2500,2,1,9100420,59,0.0437642,7.07571,-7.04411,0.760625,-0.183451,
592.5310,2,1,9101570,59,0.0434504,6.85227,-6.93411,0.735103,-0.178131,
592.8280,2,1,9101570,59,0.045871,6.92078,-6.94532,0.670551,-0.165156,
593.1250,2,1,9101570,59,0.0535326,6.83321,-6.77438,0.618871,-0.178731,
593.4060,2,1,9101570,59,0.0671124,6.92967,-6.06721,0.67445,-0.206129,
593.6880,2,1,9102721,59,0.0605911,6.69192,-6.14104,0.655917,-0.171216,
593.9840,2,1,9102721,59,0.0750148,6.52816,-5.68928,0,-0.108219,
594.2660,2,1,9102721,59,0.0797077,6.28111,-5.57925,0.297989,-0.159482,
594.5470,2,1,9102721,59,0.0543585,6.45207,-5.82746,0.722608,-0.182619,
594.8440,2,1,9103871,59,0.0467213,6.47076,-6.04462,0.684317,-0.198852,
595.1410,2,1,9103871,59,0.0223272,6.47563,-5.42133,0.751386,-0.202328,
595.4220,2,1,9103871,59,0.0150252,6.51118,-5.50605,0.714331,-0.205293,
595.7030,2,1,9103871,59,0.0166408,6.40552,-5.63246,0.722267,-0.208199,
595.9840,2,1,9105021,59,0.0278596,7.00402,-5.30253,0.678427,-0.233009,
596.2810,2,1,9105021,59,0.0244231,6.62854,-5.41975,0.653423,-0.230698,
596.5630,2,1,9105021,59,0.0278383,6.55475,-5.21778,0.630165,-0.234477,
596.8590,2,1,9105021,59,0.0336919,5.96665,-5.00787,0.688714,-0.22111,
597.1410,2,1,9106171,59,0.0242502,5.3703,-4.96697,0.667666,-0.186022,
597.4380,2,1,9106171,59,0.029924,5.10152,-4.41221,0.621254,-0.173986,
597.7190,2,1,9106171,59,0.0147483,4.7162,-4.69134,0.200265,-0.0950573,
598.0000,2,1,9106171,59,0.0133368,5.44978,-4.00195,0.476469,-0.121427,
598.2810,2,1,9107321,59,0.00690995,5.72765,-4.29482,0.662905,-0.178979,
598.5780,2,1,9107321,59,0.0113949,5.53677,-3.92,0.670407,-0.172466,
598.8750,2,1,9107321,59,0.0097651,5.28069,-3.96133,0.455954,-0.105352,
599.1560,2,1,9107321,59,0.0120572,5.28695,-3.74525,0.292555,-0.103143,
599.4380,2,1,9108471,59,0.0121337,5.38601,-4.52273,0.261611,-0.0957063,
599.7340,2,1,9108471,59,0.0173411,5.56488,-4.76823,0.32236,-0.105192,
